blend/Add	0	12288	0.0002	0.00002
blend/Color	12288	12288	0.0002	0.00002
blend/ColorBurn	24576	12288	0.0002	0.00002
blend/ColorDodge	36864	12288	0.0002	0.00002
blend/Darken	49152	12288	0.0002	0.00002
blend/Difference	61440	12288	0.0002	0.00002
blend/Divide	73728	12288	0.0002	0.00002
blend/Exclusion	86016	12288	0.0002	0.00002
blend/HardLight	98304	12288	0.0002	0.00002
blend/HardMix	110592	12288	0.0002	0.00002
blend/Hue	122880	12288	0.0002	0.00002
blend/Lighten	135168	12288	0.0002	0.00002
blend/LinearBurn	147456	12288	0.0002	0.00002
blend/LinearLight	159744	12288	0.0002	0.00002
blend/Luminosity	172032	12288	0.0002	0.00002
blend/Multiply	184320	12288	0.0002	0.00002
blend/Normal	196608	12288	0.0002	0.00002
blend/Overlay	208896	12288	0.0002	0.00002
blend/PassThrough	221184	12288	0.0002	0.00002
blend/PinLight	233472	12288	0.0002	0.00002
blend/Saturation	245760	12288	0.0002	0.00002
blend/Screen	258048	12288	0.0002	0.00002
blend/SoftLight	270336	12288	0.0002	0.00002
blend/Subtract	282624	12288	0.0002	0.00002
blend/VividLight	294912	12288	0.0002	0.00002
filter/black_white/F32	307200	12288	0.0002	0.00002
filter/black_white/U8	319488	12288	0.0002	0.00002
filter/bloom/F32	331776	12288	0.0002	0.00002
filter/bloom/U8	344064	12288	0.0002	0.00002
filter/brightness_contrast/F32	356352	12288	0.00002	0.000002
filter/brightness_contrast/U8	368640	12288	0.00002	0.000002
filter/channel_mixer/F32	380928	12288	0.00002	0.000002
filter/channel_mixer/U8	393216	12288	0.00002	0.000002
filter/chromatic_aberration/F32	405504	12288	0.0002	0.00002
filter/chromatic_aberration/U8	417792	12288	0.0002	0.00002
filter/clarity/F32	430080	12288	0.0002	0.00002
filter/clarity/U8	442368	12288	0.0002	0.00002
filter/color_balance/F32	454656	12288	0.0002	0.00002
filter/color_balance/U8	466944	12288	0.0002	0.00002
filter/color_lookup/F32	479232	12288	0.0002	0.00002
filter/color_lookup/U8	491520	12288	0.0002	0.00002
filter/crosshatch/F32	503808	12288	0.0002	0.00002
filter/crosshatch/U8	516096	12288	0.0002	0.00002
filter/crt/F32	528384	12288	0.0002	0.00002
filter/crt/U8	540672	12288	0.0002	0.00002
filter/curves/F32	552960	12288	0.0002	0.00002
filter/curves/U8	565248	12288	0.0002	0.00002
filter/dehaze/F32	577536	12288	0.0002	0.00002
filter/dehaze/U8	589824	12288	0.0002	0.00002
filter/denoise/F32	602112	12288	0.0002	0.00002
filter/denoise/U8	614400	12288	0.0002	0.00002
filter/desaturate/F32	626688	12288	0.0002	0.00002
filter/desaturate/U8	638976	12288	0.0002	0.00002
filter/domain_warp/F32	651264	12288	0.0002	0.00002
filter/domain_warp/U8	663552	12288	0.0002	0.00002
filter/edge_detect/F32	675840	12288	0.0002	0.00002
filter/edge_detect/U8	688128	12288	0.0002	0.00002
filter/emboss/F32	700416	12288	0.0002	0.00002
filter/emboss/U8	712704	12288	0.0002	0.00002
filter/exposure/F32	724992	12288	0.00002	0.000002
filter/exposure/U8	737280	12288	0.00002	0.000002
filter/film_grain/F32	749568	12288	0.0002	0.00002
filter/film_grain/U8	761856	12288	0.0002	0.00002
filter/gaussian_blur/F32	774144	12288	0.0002	0.00002
filter/gaussian_blur/U8	786432	12288	0.0002	0.00002
filter/glass/F32	798720	12288	0.0002	0.00002
filter/glass/U8	811008	12288	0.0002	0.00002
filter/gradient_fill/F32	823296	12288	0.0002	0.00002
filter/gradient_fill/U8	835584	12288	0.0002	0.00002
filter/gradient_map/F32	847872	12288	0.0002	0.00002
filter/gradient_map/U8	860160	12288	0.0002	0.00002
filter/halftone/F32	872448	12288	0.0002	0.00002
filter/halftone/U8	884736	12288	0.0002	0.00002
filter/heat_haze/F32	897024	12288	0.0002	0.00002
filter/heat_haze/U8	909312	12288	0.0002	0.00002
filter/high_pass/F32	921600	12288	0.0002	0.00002
filter/high_pass/U8	933888	12288	0.0002	0.00002
filter/hue_saturation/F32	946176	12288	0.0002	0.00002
filter/hue_saturation/U8	958464	12288	0.0002	0.00002
filter/invert/F32	970752	12288	0.00002	0.000002
filter/invert/U8	983040	12288	0.00002	0.000002
filter/iridescence/F32	995328	12288	0.0002	0.00002
filter/iridescence/U8	1007616	12288	0.0002	0.00002
filter/kaleidoscope/F32	1019904	12288	0.0002	0.00002
filter/kaleidoscope/U8	1032192	12288	0.0002	0.00002
filter/levels/F32	1044480	12288	0.00002	0.000002
filter/levels/U8	1056768	12288	0.00002	0.000002
filter/motion_blur/F32	1069056	12288	0.0002	0.00002
filter/motion_blur/U8	1081344	12288	0.0002	0.00002
filter/painterly/F32	1093632	12288	0.0002	0.00002
filter/painterly/U8	1105920	12288	0.0002	0.00002
filter/pencil/F32	1118208	12288	0.0002	0.00002
filter/pencil/U8	1130496	12288	0.0002	0.00002
filter/photo_filter/F32	1142784	12288	0.0002	0.00002
filter/photo_filter/U8	1155072	12288	0.0002	0.00002
filter/pixel_mosaic/F32	1167360	12288	0.0002	0.00002
filter/pixel_mosaic/U8	1179648	12288	0.0002	0.00002
filter/posterize/F32	1191936	12288	0.0002	0.00002
filter/posterize/U8	1204224	12288	0.0002	0.00002
filter/rainy_glass/F32	1216512	12288	0.0002	0.00002
filter/rainy_glass/U8	1228800	12288	0.0002	0.00002
filter/ripple/F32	1241088	12288	0.0002	0.00002
filter/ripple/U8	1253376	12288	0.0002	0.00002
filter/selective_color/F32	1265664	12288	0.00002	0.000002
filter/selective_color/U8	1277952	12288	0.00002	0.000002
filter/shadows_highlights/F32	1290240	12288	0.0002	0.00002
filter/shadows_highlights/U8	1302528	12288	0.0002	0.00002
filter/soft_focus/F32	1314816	12288	0.0002	0.00002
filter/soft_focus/U8	1327104	12288	0.0002	0.00002
filter/solarize/F32	1339392	12288	0.0002	0.00002
filter/solarize/U8	1351680	12288	0.0002	0.00002
filter/solid_color/F32	1363968	12288	0.0002	0.00002
filter/solid_color/U8	1376256	12288	0.0002	0.00002
filter/split_tone/F32	1388544	12288	0.0002	0.00002
filter/split_tone/U8	1400832	12288	0.0002	0.00002
filter/swirl/F32	1413120	12288	0.0002	0.00002
filter/swirl/U8	1425408	12288	0.0002	0.00002
filter/threshold/F32	1437696	12288	0.00002	0.000002
filter/threshold/U8	1449984	12288	0.00002	0.000002
filter/unsharp_mask/F32	1462272	12288	0.0002	0.00002
filter/unsharp_mask/U8	1474560	12288	0.0002	0.00002
filter/vhs/F32	1486848	12288	0.0002	0.00002
filter/vhs/U8	1499136	12288	0.0002	0.00002
filter/vibrance/F32	1511424	12288	0.0002	0.00002
filter/vibrance/U8	1523712	12288	0.0002	0.00002
filter/vignette/F32	1536000	12288	0.0002	0.00002
filter/vignette/U8	1548288	12288	0.0002	0.00002
filter/white_balance/F32	1560576	12288	0.00002	0.000002
filter/white_balance/U8	1572864	12288	0.00002	0.000002
output/sdr	1585152	12288	0.0002	0.00002
procedural/fbm	1597440	12288	0.0002	0.00002
watercolor	1609728	12288	0.0002	0.00002
