brush,diameter,path,length,variant,repeat,contacts,pages,pixel_contact_tests,cpu_prepare_ms,cpu_submit_ms,gpu_ms
GPen,32,straight,512,merged,0,1,3,196608,0.048958,0.761770,0.284427
GPen,32,straight,512,contact,0,90,3,6815744,0.067135,0.456875,7.242812
GPen,32,straight,512,simple,0,90,3,6815744,0.067135,0.479323,3.648125
GPen,32,straight,512,contact,1,90,3,6815744,0.067135,0.506406,7.208229
GPen,32,straight,512,simple,1,90,3,6815744,0.067135,0.371354,3.672187
GPen,32,straight,512,merged,1,1,3,196608,0.048958,0.431771,0.291667
GPen,32,straight,512,simple,2,90,3,6815744,0.067135,0.401198,3.715208
GPen,32,straight,512,merged,2,1,3,196608,0.048958,0.378021,0.284323
GPen,32,straight,512,contact,2,90,3,6815744,0.067135,0.380833,7.225885
GPen,32,straight,512,merged,3,1,3,196608,0.048958,0.510989,0.289635
GPen,32,straight,512,contact,3,90,3,6815744,0.067135,0.386250,7.225989
GPen,32,straight,512,simple,3,90,3,6815744,0.067135,0.517239,3.714896
GPen,32,straight,512,contact,4,90,3,6815744,0.067135,0.551406,7.233177
GPen,32,straight,512,simple,4,90,3,6815744,0.067135,0.515312,3.719427
GPen,32,straight,512,merged,4,1,3,196608,0.048958,0.674427,0.284844
GPen,32,straight,512,simple,5,90,3,6815744,0.067135,0.402187,3.719948
GPen,32,straight,512,merged,5,1,3,196608,0.048958,0.422136,0.283906
GPen,32,straight,512,contact,5,90,3,6815744,0.067135,0.398854,7.208333
GPen,32,straight,512,merged,6,1,3,196608,0.048958,0.534844,0.293594
GPen,32,straight,512,contact,6,90,3,6815744,0.067135,0.532604,7.211562
GPen,32,straight,512,simple,6,90,3,6815744,0.067135,0.531980,3.713802
GPen,32,straight,512,contact,7,90,3,6815744,0.067135,0.404166,7.220729
GPen,32,straight,512,simple,7,90,3,6815744,0.067135,0.505729,3.704792
GPen,32,straight,512,merged,7,1,3,196608,0.048958,0.524739,0.294010
GPen,32,straight,512,simple,8,90,3,6815744,0.067135,0.420156,3.717812
GPen,32,straight,512,merged,8,1,3,196608,0.048958,0.416250,0.291458
GPen,32,straight,512,contact,8,90,3,6815744,0.067135,0.476823,7.232916
GPen,32,straight,512,merged,9,1,3,196608,0.048958,0.451354,0.300937
GPen,32,straight,512,contact,9,90,3,6815744,0.067135,0.416615,7.214791
GPen,32,straight,512,simple,9,90,3,6815744,0.067135,0.522291,3.706614
GPen,32,straight,512,contact,10,90,3,6815744,0.067135,0.402084,7.241302
GPen,32,straight,512,simple,10,90,3,6815744,0.067135,0.515261,3.713750
GPen,32,straight,512,merged,10,1,3,196608,0.048958,0.511771,0.292708
GPen,32,straight,512,simple,11,90,3,6815744,0.067135,0.407239,3.704271
GPen,32,straight,512,merged,11,1,3,196608,0.048958,0.421615,0.294167
GPen,32,straight,512,contact,11,90,3,6815744,0.067135,0.401563,7.235208
GPen,32,straight,512,merged,12,1,3,196608,0.048958,0.510886,0.292240
GPen,32,straight,512,contact,12,90,3,6815744,0.067135,0.403907,7.229739
GPen,32,straight,512,simple,12,90,3,6815744,0.067135,0.514323,3.718906
GPen,32,straight,512,contact,13,90,3,6815744,0.067135,0.394635,7.207969
GPen,32,straight,512,simple,13,90,3,6815744,0.067135,0.503698,3.705052
GPen,32,straight,512,merged,13,1,3,196608,0.048958,0.460209,0.286458
GPen,32,straight,512,simple,14,90,3,6815744,0.067135,0.452968,3.711042
GPen,32,straight,512,merged,14,1,3,196608,0.048958,0.470782,0.288594
GPen,32,straight,512,contact,14,90,3,6815744,0.067135,0.402656,7.209114
GPen,32,straight,512,merged,15,1,3,196608,0.048958,0.310312,0.290052
GPen,32,straight,512,contact,15,90,3,6815744,0.067135,0.281145,7.223073
GPen,32,straight,512,simple,15,90,3,6815744,0.067135,0.250834,3.666771
GPen,32,straight,512,contact,16,90,3,6815744,0.067135,0.195937,7.210260
GPen,32,straight,512,simple,16,90,3,6815744,0.067135,0.371094,3.696771
GPen,32,straight,512,merged,16,1,3,196608,0.048958,0.558125,0.293750
GPen,32,straight,512,simple,17,90,3,6815744,0.067135,0.390416,3.696719
GPen,32,straight,512,merged,17,1,3,196608,0.048958,0.403907,0.297031
GPen,32,straight,512,contact,17,90,3,6815744,0.067135,0.400833,7.219375
GPen,32,straight,512,merged,18,1,3,196608,0.048958,0.390104,0.281510
GPen,32,straight,512,contact,18,90,3,6815744,0.067135,0.380052,7.211666
GPen,32,straight,512,simple,18,90,3,6815744,0.067135,0.581354,3.662604
GPen,32,straight,512,contact,19,90,3,6815744,0.067135,0.619583,7.207604
GPen,32,straight,512,simple,19,90,3,6815744,0.067135,0.366145,3.675781
GPen,32,straight,512,merged,19,1,3,196608,0.048958,0.236823,0.277552
GPen,32,straight,512,simple,20,90,3,6815744,0.067135,0.188958,3.669583
GPen,32,straight,512,merged,20,1,3,196608,0.048958,0.156927,0.278073
GPen,32,straight,512,contact,20,90,3,6815744,0.067135,0.233958,7.219323
GPen,32,straight,512,merged,21,1,3,196608,0.048958,0.275208,0.287865
GPen,32,straight,512,contact,21,90,3,6815744,0.067135,0.237708,7.201250
GPen,32,straight,512,simple,21,90,3,6815744,0.067135,0.393958,3.693489
GPen,32,straight,512,contact,22,90,3,6815744,0.067135,0.384792,7.206823
GPen,32,straight,512,simple,22,90,3,6815744,0.067135,0.494948,3.629792
GPen,32,straight,512,merged,22,1,3,196608,0.048958,0.401302,0.282708
GPen,32,straight,512,simple,23,90,3,6815744,0.067135,0.380052,3.638646
GPen,32,straight,512,merged,23,1,3,196608,0.048958,0.374688,0.276771
GPen,32,straight,512,contact,23,90,3,6815744,0.067135,0.371146,7.211823
GPen,32,straight,512,merged,24,1,3,196608,0.048958,0.443177,0.285417
GPen,32,straight,512,contact,24,90,3,6815744,0.067135,0.379063,7.222083
GPen,32,straight,512,simple,24,90,3,6815744,0.067135,0.905208,3.639167
GPen,32,straight,512,contact,25,90,3,6815744,0.067135,0.529167,7.217448
GPen,32,straight,512,simple,25,90,3,6815744,0.067135,0.533073,3.641042
GPen,32,straight,512,merged,25,1,3,196608,0.048958,0.487292,0.290365
GPen,32,straight,512,simple,26,90,3,6815744,0.067135,0.413125,3.676094
GPen,32,straight,512,merged,26,1,3,196608,0.048958,0.499687,0.282760
GPen,32,straight,512,contact,26,90,3,6815744,0.067135,0.386146,7.221719
GPen,32,straight,512,merged,27,1,3,196608,0.048958,0.445468,0.286354
GPen,32,straight,512,contact,27,90,3,6815744,0.067135,0.378073,7.214583
GPen,32,straight,512,simple,27,90,3,6815744,0.067135,0.438855,3.682292
GPen,32,straight,512,contact,28,90,3,6815744,0.067135,0.371875,7.203802
GPen,32,straight,512,simple,28,90,3,6815744,0.067135,0.440364,3.673750
GPen,32,straight,512,merged,28,1,3,196608,0.048958,0.392968,0.280833
GPen,32,straight,512,simple,29,90,3,6815744,0.067135,0.511562,3.669687
GPen,32,straight,512,merged,29,1,3,196608,0.048958,0.371146,0.289583
GPen,32,straight,512,contact,29,90,3,6815744,0.067135,0.377032,7.235364
GPen,32,curve,512,merged,0,27,3,1966080,0.357032,0.666719,1.200104
GPen,32,curve,512,contact,0,103,3,7864320,0.363646,0.644896,8.292916
GPen,32,curve,512,simple,0,103,3,7864320,0.363646,0.449479,4.234323
GPen,32,curve,512,contact,1,103,3,7864320,0.363646,0.669635,8.313385
GPen,32,curve,512,simple,1,103,3,7864320,0.363646,0.578438,4.202396
GPen,32,curve,512,merged,1,27,3,1966080,0.357032,0.413125,1.172500
GPen,32,curve,512,simple,2,103,3,7864320,0.363646,0.410729,4.211094
GPen,32,curve,512,merged,2,27,3,1966080,0.357032,0.612604,1.164948
GPen,32,curve,512,contact,2,103,3,7864320,0.363646,0.390365,8.305781
GPen,32,curve,512,merged,3,27,3,1966080,0.357032,0.456562,1.171042
GPen,32,curve,512,contact,3,103,3,7864320,0.363646,0.378177,8.302708
GPen,32,curve,512,simple,3,103,3,7864320,0.363646,0.508854,4.207708
GPen,32,curve,512,contact,4,103,3,7864320,0.363646,0.440313,8.309166
GPen,32,curve,512,simple,4,103,3,7864320,0.363646,0.537083,4.210000
GPen,32,curve,512,merged,4,27,3,1966080,0.357032,0.455729,1.171771
GPen,32,curve,512,simple,5,103,3,7864320,0.363646,0.400208,4.209219
GPen,32,curve,512,merged,5,27,3,1966080,0.357032,0.386719,1.169115
GPen,32,curve,512,contact,5,103,3,7864320,0.363646,0.540052,8.305208
GPen,32,curve,512,merged,6,27,3,1966080,0.357032,0.524739,1.172292
GPen,32,curve,512,contact,6,103,3,7864320,0.363646,0.420416,8.304583
GPen,32,curve,512,simple,6,103,3,7864320,0.363646,0.529792,4.204687
GPen,32,curve,512,contact,7,103,3,7864320,0.363646,0.504844,8.305312
GPen,32,curve,512,simple,7,103,3,7864320,0.363646,0.517187,4.207292
GPen,32,curve,512,merged,7,27,3,1966080,0.357032,0.445000,1.171302
GPen,32,curve,512,simple,8,103,3,7864320,0.363646,0.443490,4.215312
GPen,32,curve,512,merged,8,27,3,1966080,0.357032,0.379896,1.168177
GPen,32,curve,512,contact,8,103,3,7864320,0.363646,0.364062,8.302344
GPen,32,curve,512,merged,9,27,3,1966080,0.357032,0.520313,1.171927
GPen,32,curve,512,contact,9,103,3,7864320,0.363646,0.410937,8.306458
GPen,32,curve,512,simple,9,103,3,7864320,0.363646,0.686927,4.200469
GPen,32,curve,512,contact,10,103,3,7864320,0.363646,0.517448,8.314844
GPen,32,curve,512,simple,10,103,3,7864320,0.363646,0.614219,4.206823
GPen,32,curve,512,merged,10,27,3,1966080,0.357032,0.514167,1.170260
GPen,32,curve,512,simple,11,103,3,7864320,0.363646,0.552656,4.207031
GPen,32,curve,512,merged,11,27,3,1966080,0.357032,0.494688,1.170625
GPen,32,curve,512,contact,11,103,3,7864320,0.363646,0.502969,8.305937
GPen,32,curve,512,merged,12,27,3,1966080,0.357032,0.505885,1.170937
GPen,32,curve,512,contact,12,103,3,7864320,0.363646,0.405312,8.308281
GPen,32,curve,512,simple,12,103,3,7864320,0.363646,0.606875,4.202083
GPen,32,curve,512,contact,13,103,3,7864320,0.363646,0.520312,8.287812
GPen,32,curve,512,simple,13,103,3,7864320,0.363646,0.516042,4.213021
GPen,32,curve,512,merged,13,27,3,1966080,0.357032,0.501302,1.174115
GPen,32,curve,512,simple,14,103,3,7864320,0.363646,0.398593,4.205000
GPen,32,curve,512,merged,14,27,3,1966080,0.357032,0.503646,1.167760
GPen,32,curve,512,contact,14,103,3,7864320,0.363646,0.499323,8.295937
GPen,32,curve,512,merged,15,27,3,1966080,0.357032,0.504531,1.170312
GPen,32,curve,512,contact,15,103,3,7864320,0.363646,0.483281,8.303281
GPen,32,curve,512,simple,15,103,3,7864320,0.363646,0.560937,4.204844
GPen,32,curve,512,contact,16,103,3,7864320,0.363646,0.398177,8.313541
GPen,32,curve,512,simple,16,103,3,7864320,0.363646,0.598125,4.212917
GPen,32,curve,512,merged,16,27,3,1966080,0.357032,0.407604,1.169323
GPen,32,curve,512,simple,17,103,3,7864320,0.363646,0.398750,4.207187
GPen,32,curve,512,merged,17,27,3,1966080,0.357032,0.402865,1.171094
GPen,32,curve,512,contact,17,103,3,7864320,0.363646,0.398281,8.302969
GPen,32,curve,512,merged,18,27,3,1966080,0.357032,0.595989,1.171146
GPen,32,curve,512,contact,18,103,3,7864320,0.363646,0.463906,8.307500
GPen,32,curve,512,simple,18,103,3,7864320,0.363646,0.631875,4.210156
GPen,32,curve,512,contact,19,103,3,7864320,0.363646,0.514010,8.307864
GPen,32,curve,512,simple,19,103,3,7864320,0.363646,0.584427,4.206406
GPen,32,curve,512,merged,19,27,3,1966080,0.357032,0.413437,1.175573
GPen,32,curve,512,simple,20,103,3,7864320,0.363646,0.475313,4.203125
GPen,32,curve,512,merged,20,27,3,1966080,0.357032,0.455989,1.168073
GPen,32,curve,512,contact,20,103,3,7864320,0.363646,0.534687,8.309479
GPen,32,curve,512,merged,21,27,3,1966080,0.357032,0.481146,1.173177
GPen,32,curve,512,contact,21,103,3,7864320,0.363646,0.539167,8.301875
GPen,32,curve,512,simple,21,103,3,7864320,0.363646,0.409948,4.196146
GPen,32,curve,512,contact,22,103,3,7864320,0.363646,0.841511,8.320208
GPen,32,curve,512,simple,22,103,3,7864320,0.363646,0.511823,4.201250
GPen,32,curve,512,merged,22,27,3,1966080,0.357032,0.409063,1.173125
GPen,32,curve,512,simple,23,103,3,7864320,0.363646,0.392031,4.207812
GPen,32,curve,512,merged,23,27,3,1966080,0.357032,0.658438,1.173073
GPen,32,curve,512,contact,23,103,3,7864320,0.363646,0.400364,8.321562
GPen,32,curve,512,merged,24,27,3,1966080,0.357032,0.516615,1.172656
GPen,32,curve,512,contact,24,103,3,7864320,0.363646,0.767708,8.300104
GPen,32,curve,512,simple,24,103,3,7864320,0.363646,0.515313,4.209323
GPen,32,curve,512,contact,25,103,3,7864320,0.363646,0.458489,8.290312
GPen,32,curve,512,simple,25,103,3,7864320,0.363646,0.510677,4.207083
GPen,32,curve,512,merged,25,27,3,1966080,0.357032,0.455208,1.173125
GPen,32,curve,512,simple,26,103,3,7864320,0.363646,0.387917,4.206250
GPen,32,curve,512,merged,26,27,3,1966080,0.357032,0.427240,1.171458
GPen,32,curve,512,contact,26,103,3,7864320,0.363646,0.380364,8.297604
GPen,32,curve,512,merged,27,27,3,1966080,0.357032,0.510052,1.171458
GPen,32,curve,512,contact,27,103,3,7864320,0.363646,0.527239,8.315052
GPen,32,curve,512,simple,27,103,3,7864320,0.363646,0.483698,4.203073
GPen,32,curve,512,contact,28,103,3,7864320,0.363646,0.444219,8.295989
GPen,32,curve,512,simple,28,103,3,7864320,0.363646,0.572031,4.217864
GPen,32,curve,512,merged,28,27,3,1966080,0.357032,0.414323,1.171771
GPen,32,curve,512,simple,29,103,3,7864320,0.363646,0.402604,4.215000
GPen,32,curve,512,merged,29,27,3,1966080,0.357032,0.613229,1.167812
GPen,32,curve,512,contact,29,103,3,7864320,0.363646,0.480729,8.306614
GPen,256,straight,512,merged,0,1,8,524288,0.243021,0.508542,0.749896
GPen,256,straight,512,contact,0,13,8,3670016,0.218750,0.443854,5.047500
GPen,256,straight,512,simple,0,13,8,3670016,0.218750,0.496667,2.339271
GPen,256,straight,512,contact,1,13,8,3670016,0.218750,0.397500,5.042500
GPen,256,straight,512,simple,1,13,8,3670016,0.218750,0.243594,2.257187
GPen,256,straight,512,merged,1,1,8,524288,0.243021,0.407605,0.740885
GPen,256,straight,512,simple,2,13,8,3670016,0.218750,0.357864,2.288542
GPen,256,straight,512,merged,2,1,8,524288,0.243021,0.397968,0.750469
GPen,256,straight,512,contact,2,13,8,3670016,0.218750,0.386823,5.034583
GPen,256,straight,512,merged,3,1,8,524288,0.243021,0.396927,0.745521
GPen,256,straight,512,contact,3,13,8,3670016,0.218750,0.397344,5.034792
GPen,256,straight,512,simple,3,13,8,3670016,0.218750,0.512813,2.316615
GPen,256,straight,512,contact,4,13,8,3670016,0.218750,0.484896,5.032135
GPen,256,straight,512,simple,4,13,8,3670016,0.218750,0.553958,2.320417
GPen,256,straight,512,merged,4,1,8,524288,0.243021,0.388646,0.748594
GPen,256,straight,512,simple,5,13,8,3670016,0.218750,0.370989,2.321667
GPen,256,straight,512,merged,5,1,8,524288,0.243021,0.375052,0.762552
GPen,256,straight,512,contact,5,13,8,3670016,0.218750,0.353854,5.032396
GPen,256,straight,512,merged,6,1,8,524288,0.243021,0.500104,0.761823
GPen,256,straight,512,contact,6,13,8,3670016,0.218750,2.227239,5.030364
GPen,256,straight,512,simple,6,13,8,3670016,0.218750,0.505417,2.318906
GPen,256,straight,512,contact,7,13,8,3670016,0.218750,0.457239,5.029792
GPen,256,straight,512,simple,7,13,8,3670016,0.218750,0.445625,2.316927
GPen,256,straight,512,merged,7,1,8,524288,0.243021,0.526406,0.757865
GPen,256,straight,512,simple,8,13,8,3670016,0.218750,0.402552,2.319479
GPen,256,straight,512,merged,8,1,8,524288,0.243021,0.375781,0.765312
GPen,256,straight,512,contact,8,13,8,3670016,0.218750,0.390521,5.028802
GPen,256,straight,512,merged,9,1,8,524288,0.243021,0.504063,0.772135
GPen,256,straight,512,contact,9,13,8,3670016,0.218750,0.384583,5.029739
GPen,256,straight,512,simple,9,13,8,3670016,0.218750,0.498021,2.317344
GPen,256,straight,512,contact,10,13,8,3670016,0.218750,0.381563,5.030260
GPen,256,straight,512,simple,10,13,8,3670016,0.218750,0.538750,2.320521
GPen,256,straight,512,merged,10,1,8,524288,0.243021,0.487084,0.766979
GPen,256,straight,512,simple,11,13,8,3670016,0.218750,0.409687,2.320729
GPen,256,straight,512,merged,11,1,8,524288,0.243021,0.410104,0.768125
GPen,256,straight,512,contact,11,13,8,3670016,0.218750,0.404740,5.039687
GPen,256,straight,512,merged,12,1,8,524288,0.243021,0.769427,0.744531
GPen,256,straight,512,contact,12,13,8,3670016,0.218750,0.414948,5.028958
GPen,256,straight,512,simple,12,13,8,3670016,0.218750,0.532760,2.317083
GPen,256,straight,512,contact,13,13,8,3670016,0.218750,0.397240,5.029687
GPen,256,straight,512,simple,13,13,8,3670016,0.218750,0.522552,2.313750
GPen,256,straight,512,merged,13,1,8,524288,0.243021,0.414167,0.753542
GPen,256,straight,512,simple,14,13,8,3670016,0.218750,0.392500,2.322083
GPen,256,straight,512,merged,14,1,8,524288,0.243021,0.385573,0.757760
GPen,256,straight,512,contact,14,13,8,3670016,0.218750,0.975365,5.033125
GPen,256,straight,512,merged,15,1,8,524288,0.243021,0.516927,0.753490
GPen,256,straight,512,contact,15,13,8,3670016,0.218750,0.401407,5.030156
GPen,256,straight,512,simple,15,13,8,3670016,0.218750,0.452343,2.316354
GPen,256,straight,512,contact,16,13,8,3670016,0.218750,0.395781,5.030052
GPen,256,straight,512,simple,16,13,8,3670016,0.218750,0.509271,2.314375
GPen,256,straight,512,merged,16,1,8,524288,0.243021,0.454896,0.750990
GPen,256,straight,512,simple,17,13,8,3670016,0.218750,0.398177,2.318490
GPen,256,straight,512,merged,17,1,8,524288,0.243021,0.460521,0.765156
GPen,256,straight,512,contact,17,13,8,3670016,0.218750,0.393906,5.033177
GPen,256,straight,512,merged,18,1,8,524288,0.243021,0.462448,0.755677
GPen,256,straight,512,contact,18,13,8,3670016,0.218750,0.667395,5.026927
GPen,256,straight,512,simple,18,13,8,3670016,0.218750,0.473125,2.318646
GPen,256,straight,512,contact,19,13,8,3670016,0.218750,0.511093,5.027864
GPen,256,straight,512,simple,19,13,8,3670016,0.218750,0.563594,2.319115
GPen,256,straight,512,merged,19,1,8,524288,0.243021,0.389115,0.766198
GPen,256,straight,512,simple,20,13,8,3670016,0.218750,0.387396,2.321406
GPen,256,straight,512,merged,20,1,8,524288,0.243021,0.400625,0.764687
GPen,256,straight,512,contact,20,13,8,3670016,0.218750,0.376666,5.027969
GPen,256,straight,512,merged,21,1,8,524288,0.243021,0.438958,0.763385
GPen,256,straight,512,contact,21,13,8,3670016,0.218750,0.384791,5.027292
GPen,256,straight,512,simple,21,13,8,3670016,0.218750,0.571407,2.318281
GPen,256,straight,512,contact,22,13,8,3670016,0.218750,0.744167,5.033385
GPen,256,straight,512,simple,22,13,8,3670016,0.218750,0.635261,2.319323
GPen,256,straight,512,merged,22,1,8,524288,0.243021,0.405365,0.764115
GPen,256,straight,512,simple,23,13,8,3670016,0.218750,0.389948,2.315677
GPen,256,straight,512,merged,23,1,8,524288,0.243021,0.396823,0.770781
GPen,256,straight,512,contact,23,13,8,3670016,0.218750,0.518750,5.038906
GPen,256,straight,512,merged,24,1,8,524288,0.243021,0.509375,0.772187
GPen,256,straight,512,contact,24,13,8,3670016,0.218750,0.457135,5.032708
GPen,256,straight,512,simple,24,13,8,3670016,0.218750,0.524532,2.319375
GPen,256,straight,512,contact,25,13,8,3670016,0.218750,0.388490,5.043906
GPen,256,straight,512,simple,25,13,8,3670016,0.218750,0.500313,2.318802
GPen,256,straight,512,merged,25,1,8,524288,0.243021,0.386875,0.760521
GPen,256,straight,512,simple,26,13,8,3670016,0.218750,0.393907,2.314062
GPen,256,straight,512,merged,26,1,8,524288,0.243021,0.477657,0.749427
GPen,256,straight,512,contact,26,13,8,3670016,0.218750,0.369792,5.028125
GPen,256,straight,512,merged,27,1,8,524288,0.243021,0.447188,0.757865
GPen,256,straight,512,contact,27,13,8,3670016,0.218750,0.376354,5.031771
GPen,256,straight,512,simple,27,13,8,3670016,0.218750,0.439636,2.314844
GPen,256,straight,512,contact,28,13,8,3670016,0.218750,0.352500,5.035729
GPen,256,straight,512,simple,28,13,8,3670016,0.218750,0.514844,2.319167
GPen,256,straight,512,merged,28,1,8,524288,0.243021,0.436510,0.753906
GPen,256,straight,512,simple,29,13,8,3670016,0.218750,0.401094,2.317604
GPen,256,straight,512,merged,29,1,8,524288,0.243021,0.384218,0.753594
GPen,256,straight,512,contact,29,13,8,3670016,0.218750,0.470521,5.029010
GPen,256,curve,512,merged,0,13,8,3670016,0.222135,0.512344,2.312344
GPen,256,curve,512,contact,0,14,8,3932160,0.259166,0.423854,5.387812
GPen,256,curve,512,simple,0,14,8,3932160,0.259166,0.408177,2.480625
GPen,256,curve,512,contact,1,14,8,3932160,0.259166,0.254063,5.383229
GPen,256,curve,512,simple,1,14,8,3932160,0.259166,0.296667,2.392240
GPen,256,curve,512,merged,1,13,8,3670016,0.222135,0.405521,2.310573
GPen,256,curve,512,simple,2,14,8,3932160,0.259166,0.423021,2.453333
GPen,256,curve,512,merged,2,13,8,3670016,0.222135,0.415937,2.313437
GPen,256,curve,512,contact,2,14,8,3932160,0.259166,0.649792,5.370989
GPen,256,curve,512,merged,3,13,8,3670016,0.222135,0.537708,2.317396
GPen,256,curve,512,contact,3,14,8,3932160,0.259166,0.494896,5.368750
GPen,256,curve,512,simple,3,14,8,3932160,0.259166,0.512083,2.458229
GPen,256,curve,512,contact,4,14,8,3932160,0.259166,0.452552,5.362656
GPen,256,curve,512,simple,4,14,8,3932160,0.259166,0.445312,2.447500
GPen,256,curve,512,merged,4,13,8,3670016,0.222135,0.620156,2.315521
GPen,256,curve,512,simple,5,14,8,3932160,0.259166,0.434218,2.454740
GPen,256,curve,512,merged,5,13,8,3670016,0.222135,0.399114,2.316250
GPen,256,curve,512,contact,5,14,8,3932160,0.259166,0.527344,5.368802
GPen,256,curve,512,merged,6,13,8,3670016,0.222135,0.516042,2.316719
GPen,256,curve,512,contact,6,14,8,3932160,0.259166,0.513073,5.365989
GPen,256,curve,512,simple,6,14,8,3932160,0.259166,0.469688,2.461719
GPen,256,curve,512,contact,7,14,8,3932160,0.259166,0.428958,5.364323
GPen,256,curve,512,simple,7,14,8,3932160,0.259166,0.459479,2.457031
GPen,256,curve,512,merged,7,13,8,3670016,0.222135,0.425312,2.319167
GPen,256,curve,512,simple,8,14,8,3932160,0.259166,0.578855,2.459687
GPen,256,curve,512,merged,8,13,8,3670016,0.222135,0.516979,2.316250
GPen,256,curve,512,contact,8,14,8,3932160,0.259166,0.493854,5.366146
GPen,256,curve,512,merged,9,13,8,3670016,0.222135,0.453490,2.315677
GPen,256,curve,512,contact,9,14,8,3932160,0.259166,0.409635,5.368646
GPen,256,curve,512,simple,9,14,8,3932160,0.259166,0.574115,2.458594
GPen,256,curve,512,contact,10,14,8,3932160,0.259166,0.530730,5.361614
GPen,256,curve,512,simple,10,14,8,3932160,0.259166,0.505573,2.454687
GPen,256,curve,512,merged,10,13,8,3670016,0.222135,0.548750,2.313542
GPen,256,curve,512,simple,11,14,8,3932160,0.259166,0.462292,2.451562
GPen,256,curve,512,merged,11,13,8,3670016,0.222135,0.459479,2.308385
GPen,256,curve,512,contact,11,14,8,3932160,0.259166,0.433333,5.365521
GPen,256,curve,512,merged,12,13,8,3670016,0.222135,0.657760,2.317708
GPen,256,curve,512,contact,12,14,8,3932160,0.259166,0.680573,5.367552
GPen,256,curve,512,simple,12,14,8,3932160,0.259166,0.408178,2.460833
GPen,256,curve,512,contact,13,14,8,3932160,0.259166,0.615573,5.362708
GPen,256,curve,512,simple,13,14,8,3932160,0.259166,0.511823,2.459115
GPen,256,curve,512,merged,13,13,8,3670016,0.222135,0.440677,2.310208
GPen,256,curve,512,simple,14,14,8,3932160,0.259166,0.427031,2.460625
GPen,256,curve,512,merged,14,13,8,3670016,0.222135,0.535521,2.318750
GPen,256,curve,512,contact,14,14,8,3932160,0.259166,0.473281,5.364114
GPen,256,curve,512,merged,15,13,8,3670016,0.222135,0.520104,2.316667
GPen,256,curve,512,contact,15,14,8,3932160,0.259166,0.503229,5.368021
GPen,256,curve,512,simple,15,14,8,3932160,0.259166,0.502917,2.454740
GPen,256,curve,512,contact,16,14,8,3932160,0.259166,0.420156,5.360156
GPen,256,curve,512,simple,16,14,8,3932160,0.259166,0.538281,2.459167
GPen,256,curve,512,merged,16,13,8,3670016,0.222135,0.522708,2.314687
GPen,256,curve,512,simple,17,14,8,3932160,0.259166,0.494479,2.454323
GPen,256,curve,512,merged,17,13,8,3670016,0.222135,0.475156,2.316302
GPen,256,curve,512,contact,17,14,8,3932160,0.259166,0.389584,5.368125
GPen,256,curve,512,merged,18,13,8,3670016,0.222135,0.418542,2.311406
GPen,256,curve,512,contact,18,14,8,3932160,0.259166,0.413489,5.365417
GPen,256,curve,512,simple,18,14,8,3932160,0.259166,0.411666,2.451094
GPen,256,curve,512,contact,19,14,8,3932160,0.259166,0.532135,5.363698
GPen,256,curve,512,simple,19,14,8,3932160,0.259166,0.457032,2.454792
GPen,256,curve,512,merged,19,13,8,3670016,0.222135,0.430261,2.317396
GPen,256,curve,512,simple,20,14,8,3932160,0.259166,0.402500,2.458906
GPen,256,curve,512,merged,20,13,8,3670016,0.222135,0.493490,2.313958
GPen,256,curve,512,contact,20,14,8,3932160,0.259166,0.518698,5.370729
GPen,256,curve,512,merged,21,13,8,3670016,0.222135,0.463698,2.315937
GPen,256,curve,512,contact,21,14,8,3932160,0.259166,0.443907,5.374010
GPen,256,curve,512,simple,21,14,8,3932160,0.259166,0.448541,2.455885
GPen,256,curve,512,contact,22,14,8,3932160,0.259166,0.580677,5.377552
GPen,256,curve,512,simple,22,14,8,3932160,0.259166,0.500885,2.454635
GPen,256,curve,512,merged,22,13,8,3670016,0.222135,0.386146,2.310521
GPen,256,curve,512,simple,23,14,8,3932160,0.259166,0.376145,2.458594
GPen,256,curve,512,merged,23,13,8,3670016,0.222135,0.528803,2.314323
GPen,256,curve,512,contact,23,14,8,3932160,0.259166,0.519740,5.364427
GPen,256,curve,512,merged,24,13,8,3670016,0.222135,0.451302,2.309792
GPen,256,curve,512,contact,24,14,8,3932160,0.259166,0.511614,5.359896
GPen,256,curve,512,simple,24,14,8,3932160,0.259166,0.514479,2.456615
GPen,256,curve,512,contact,25,14,8,3932160,0.259166,0.431354,5.364531
GPen,256,curve,512,simple,25,14,8,3932160,0.259166,0.402969,2.450417
GPen,256,curve,512,merged,25,13,8,3670016,0.222135,0.669792,2.317760
GPen,256,curve,512,simple,26,14,8,3932160,0.259166,0.434792,2.458229
GPen,256,curve,512,merged,26,13,8,3670016,0.222135,0.430000,2.314948
GPen,256,curve,512,contact,26,14,8,3932160,0.259166,0.519063,5.368437
GPen,256,curve,512,merged,27,13,8,3670016,0.222135,0.512708,2.316146
GPen,256,curve,512,contact,27,14,8,3932160,0.259166,1.035156,5.375833
GPen,256,curve,512,simple,27,14,8,3932160,0.259166,0.464948,2.453750
GPen,256,curve,512,contact,28,14,8,3932160,0.259166,0.533542,5.373646
GPen,256,curve,512,simple,28,14,8,3932160,0.259166,0.517968,2.452292
GPen,256,curve,512,merged,28,13,8,3670016,0.222135,0.512396,2.314844
GPen,256,curve,512,simple,29,14,8,3932160,0.259166,0.383490,2.453802
GPen,256,curve,512,merged,29,13,8,3670016,0.222135,0.397812,2.319115
GPen,256,curve,512,contact,29,14,8,3932160,0.259166,0.538958,5.364583
GPen,2048,straight,512,merged,0,1,99,6488064,0.108854,0.531041,9.015416
GPen,2048,straight,512,contact,0,3,99,17104896,0.128594,0.184635,32.670728
GPen,2048,straight,512,simple,0,3,99,17104896,0.128594,0.189010,13.758385
GPen,2048,straight,512,contact,1,3,99,17104896,0.128594,0.192865,32.679895
GPen,2048,straight,512,simple,1,3,99,17104896,0.128594,0.556041,14.209323
GPen,2048,straight,512,merged,1,1,99,6488064,0.108854,0.706719,8.949062
GPen,2048,straight,512,simple,2,3,99,17104896,0.128594,0.516198,14.194062
GPen,2048,straight,512,merged,2,1,99,6488064,0.108854,0.610208,9.034427
GPen,2048,straight,512,contact,2,3,99,17104896,0.128594,0.827396,32.357864
GPen,2048,straight,512,merged,3,1,99,6488064,0.108854,0.560260,8.788489
GPen,2048,straight,512,contact,3,3,99,17104896,0.128594,0.540313,32.377968
GPen,2048,straight,512,simple,3,3,99,17104896,0.128594,0.783750,13.702187
GPen,2048,straight,512,contact,4,3,99,17104896,0.128594,0.526562,32.383124
GPen,2048,straight,512,simple,4,3,99,17104896,0.128594,0.711614,10.086198
GPen,2048,straight,512,merged,4,1,99,6488064,0.108854,0.843698,6.248281
GPen,2048,straight,512,simple,5,3,99,17104896,0.128594,0.668385,10.087552
GPen,2048,straight,512,merged,5,1,99,6488064,0.108854,0.477657,6.538542
GPen,2048,straight,512,contact,5,3,99,17104896,0.128594,0.544323,23.553020
GPen,2048,straight,512,merged,6,1,99,6488064,0.108854,0.602396,6.550521
GPen,2048,straight,512,contact,6,3,99,17104896,0.128594,0.700729,23.556354
GPen,2048,straight,512,simple,6,3,99,17104896,0.128594,0.522657,10.607448
GPen,2048,straight,512,contact,7,3,99,17104896,0.128594,0.781458,23.673802
GPen,2048,straight,512,simple,7,3,99,17104896,0.128594,0.519792,10.589218
GPen,2048,straight,512,merged,7,1,99,6488064,0.108854,0.518438,7.074375
GPen,2048,straight,512,simple,8,3,99,17104896,0.128594,0.539896,10.606250
GPen,2048,straight,512,merged,8,1,99,6488064,0.108854,0.503177,7.097500
GPen,2048,straight,512,contact,8,3,99,17104896,0.128594,0.553802,23.666249
GPen,2048,straight,512,merged,9,1,99,6488064,0.108854,0.565729,7.296458
GPen,2048,straight,512,contact,9,3,99,17104896,0.128594,0.548021,24.024166
GPen,2048,straight,512,simple,9,3,99,17104896,0.128594,0.866042,11.088698
GPen,2048,straight,512,contact,10,3,99,17104896,0.128594,0.748490,24.024114
GPen,2048,straight,512,simple,10,3,99,17104896,0.128594,0.945729,11.085781
GPen,2048,straight,512,merged,10,1,99,6488064,0.108854,0.552239,7.326875
GPen,2048,straight,512,simple,11,3,99,17104896,0.128594,0.557292,11.157968
GPen,2048,straight,512,merged,11,1,99,6488064,0.108854,0.673281,7.296562
GPen,2048,straight,512,contact,11,3,99,17104896,0.128594,0.530313,24.023854
GPen,2048,straight,512,merged,12,1,99,6488064,0.108854,1.048437,7.293437
GPen,2048,straight,512,contact,12,3,99,17104896,0.128594,0.548541,24.021197
GPen,2048,straight,512,simple,12,3,99,17104896,0.128594,1.071146,11.074010
GPen,2048,straight,512,contact,13,3,99,17104896,0.128594,0.515729,24.024739
GPen,2048,straight,512,simple,13,3,99,17104896,0.128594,0.859531,11.097864
GPen,2048,straight,512,merged,13,1,99,6488064,0.108854,0.528333,7.317083
GPen,2048,straight,512,simple,14,3,99,17104896,0.128594,0.574062,11.084166
GPen,2048,straight,512,merged,14,1,99,6488064,0.108854,0.516718,7.306666
GPen,2048,straight,512,contact,14,3,99,17104896,0.128594,0.564323,24.020156
GPen,2048,straight,512,merged,15,1,99,6488064,0.108854,0.585677,7.320573
GPen,2048,straight,512,contact,15,3,99,17104896,0.128594,0.634636,24.028229
GPen,2048,straight,512,simple,15,3,99,17104896,0.128594,0.862553,11.076302
GPen,2048,straight,512,contact,16,3,99,17104896,0.128594,0.730209,24.019635
GPen,2048,straight,512,simple,16,3,99,17104896,0.128594,0.484844,11.074010
GPen,2048,straight,512,merged,16,1,99,6488064,0.108854,0.546042,7.295989
GPen,2048,straight,512,simple,17,3,99,17104896,0.128594,0.852916,11.084948
GPen,2048,straight,512,merged,17,1,99,6488064,0.108854,0.587500,7.342396
GPen,2048,straight,512,contact,17,3,99,17104896,0.128594,0.569219,24.037083
GPen,2048,straight,512,merged,18,1,99,6488064,0.108854,1.022968,7.333125
GPen,2048,straight,512,contact,18,3,99,17104896,0.128594,0.533386,24.019635
GPen,2048,straight,512,simple,18,3,99,17104896,0.128594,0.508907,11.073854
GPen,2048,straight,512,contact,19,3,99,17104896,0.128594,2.276823,23.680468
GPen,2048,straight,512,simple,19,3,99,17104896,0.128594,0.533385,10.083437
GPen,2048,straight,512,merged,19,1,99,6488064,0.108854,0.519375,6.259114
GPen,2048,straight,512,simple,20,3,99,17104896,0.128594,0.548593,10.087396
GPen,2048,straight,512,merged,20,1,99,6488064,0.108854,0.508386,6.253125
GPen,2048,straight,512,contact,20,3,99,17104896,0.128594,0.546407,23.512343
GPen,2048,straight,512,merged,21,1,99,6488064,0.108854,0.515937,6.233542
GPen,2048,straight,512,contact,21,3,99,17104896,0.128594,0.549531,23.569739
GPen,2048,straight,512,simple,21,3,99,17104896,0.128594,0.572865,10.948229
GPen,2048,straight,512,contact,22,3,99,17104896,0.128594,0.543959,24.007031
GPen,2048,straight,512,simple,22,3,99,17104896,0.128594,0.744531,11.072656
GPen,2048,straight,512,merged,22,1,99,6488064,0.108854,0.523334,7.312864
GPen,2048,straight,512,simple,23,3,99,17104896,0.128594,0.549011,11.086458
GPen,2048,straight,512,merged,23,1,99,6488064,0.108854,0.523020,7.308437
GPen,2048,straight,512,contact,23,3,99,17104896,0.128594,0.467292,24.025416
GPen,2048,straight,512,merged,24,1,99,6488064,0.108854,0.826771,7.325000
GPen,2048,straight,512,contact,24,3,99,17104896,0.128594,0.715104,24.021510
GPen,2048,straight,512,simple,24,3,99,17104896,0.128594,0.870000,11.080781
GPen,2048,straight,512,contact,25,3,99,17104896,0.128594,0.510104,24.017395
GPen,2048,straight,512,simple,25,3,99,17104896,0.128594,0.599063,11.087083
GPen,2048,straight,512,merged,25,1,99,6488064,0.108854,0.518125,7.301979
GPen,2048,straight,512,simple,26,3,99,17104896,0.128594,0.545417,11.085364
GPen,2048,straight,512,merged,26,1,99,6488064,0.108854,0.528541,7.292552
GPen,2048,straight,512,contact,26,3,99,17104896,0.128594,0.515886,24.018645
GPen,2048,straight,512,merged,27,1,99,6488064,0.108854,0.518281,7.301823
GPen,2048,straight,512,contact,27,3,99,17104896,0.128594,0.543073,24.023906
GPen,2048,straight,512,simple,27,3,99,17104896,0.128594,0.510677,11.071875
GPen,2048,straight,512,contact,28,3,99,17104896,0.128594,0.482291,24.013958
GPen,2048,straight,512,simple,28,3,99,17104896,0.128594,0.472343,11.090000
GPen,2048,straight,512,merged,28,1,99,6488064,0.108854,0.500156,7.294531
GPen,2048,straight,512,simple,29,3,99,17104896,0.128594,0.531250,11.088281
GPen,2048,straight,512,merged,29,1,99,6488064,0.108854,0.501511,7.284271
GPen,2048,straight,512,contact,29,3,99,17104896,0.128594,0.535989,24.032916
GPen,2048,curve,512,merged,0,2,99,11796480,0.071095,0.695157,8.975156
GPen,2048,curve,512,contact,0,3,99,17104896,0.064792,0.197240,23.571822
GPen,2048,curve,512,simple,0,3,99,17104896,0.064792,0.221614,9.274844
GPen,2048,curve,512,contact,1,3,99,17104896,0.064792,0.195365,32.487135
GPen,2048,curve,512,simple,1,3,99,17104896,0.064792,0.388854,12.807239
GPen,2048,curve,512,merged,1,2,99,11796480,0.071095,0.133958,9.884062
GPen,2048,curve,512,simple,2,3,99,17104896,0.064792,0.273855,12.721510
GPen,2048,curve,512,merged,2,2,99,11796480,0.071095,0.458541,9.912812
GPen,2048,curve,512,contact,2,3,99,17104896,0.064792,0.443125,23.263333
GPen,2048,curve,512,merged,3,2,99,11796480,0.071095,0.536719,8.017500
GPen,2048,curve,512,contact,3,3,99,17104896,0.064792,0.337604,23.573020
GPen,2048,curve,512,simple,3,3,99,17104896,0.064792,0.766458,10.248906
GPen,2048,curve,512,contact,4,3,99,17104896,0.064792,0.395468,23.550729
GPen,2048,curve,512,simple,4,3,99,17104896,0.064792,0.819479,11.109218
GPen,2048,curve,512,merged,4,2,99,11796480,0.071095,0.350521,8.989010
GPen,2048,curve,512,simple,5,3,99,17104896,0.064792,0.684115,11.110625
GPen,2048,curve,512,merged,5,2,99,11796480,0.071095,0.335625,8.996250
GPen,2048,curve,512,contact,5,3,99,17104896,0.064792,0.520000,24.023906
GPen,2048,curve,512,merged,6,2,99,11796480,0.071095,0.652760,9.018906
GPen,2048,curve,512,contact,6,3,99,17104896,0.064792,0.525000,24.040833
GPen,2048,curve,512,simple,6,3,99,17104896,0.064792,0.926302,11.092760
GPen,2048,curve,512,contact,7,3,99,17104896,0.064792,0.341302,24.041197
GPen,2048,curve,512,simple,7,3,99,17104896,0.064792,0.627240,11.095104
GPen,2048,curve,512,merged,7,2,99,11796480,0.071095,0.536354,8.990469
GPen,2048,curve,512,simple,8,3,99,17104896,0.064792,0.872812,11.093906
GPen,2048,curve,512,merged,8,2,99,11796480,0.071095,0.328854,8.988594
GPen,2048,curve,512,contact,8,3,99,17104896,0.064792,0.564427,24.024374
GPen,2048,curve,512,merged,9,2,99,11796480,0.071095,0.462396,8.990573
GPen,2048,curve,512,contact,9,3,99,17104896,0.064792,0.543646,24.042447
GPen,2048,curve,512,simple,9,3,99,17104896,0.064792,0.879895,11.087083
GPen,2048,curve,512,contact,10,3,99,17104896,0.064792,0.563437,24.027551
GPen,2048,curve,512,simple,10,3,99,17104896,0.064792,0.527761,11.101875
GPen,2048,curve,512,merged,10,2,99,11796480,0.071095,0.536615,8.979271
GPen,2048,curve,512,simple,11,3,99,17104896,0.064792,0.537552,11.092135
GPen,2048,curve,512,merged,11,2,99,11796480,0.071095,0.507968,8.962031
GPen,2048,curve,512,contact,11,3,99,17104896,0.064792,0.520364,23.898437
GPen,2048,curve,512,merged,12,2,99,11796480,0.071095,0.567135,7.899010
GPen,2048,curve,512,contact,12,3,99,17104896,0.064792,0.952656,24.167343
GPen,2048,curve,512,simple,12,3,99,17104896,0.064792,0.223802,9.810989
GPen,2048,curve,512,contact,13,3,99,17104896,0.064792,0.602031,23.538749
GPen,2048,curve,512,simple,13,3,99,17104896,0.064792,0.646406,7.656614
GPen,2048,curve,512,merged,13,2,99,11796480,0.071095,0.575209,6.067448
GPen,2048,curve,512,simple,14,3,99,17104896,0.064792,0.613230,7.647604
GPen,2048,curve,512,merged,14,2,99,11796480,0.071095,0.523750,6.064323
GPen,2048,curve,512,contact,14,3,99,17104896,0.064792,0.474531,16.906145
GPen,2048,curve,512,merged,15,2,99,11796480,0.071095,0.679479,6.052760
GPen,2048,curve,512,contact,15,3,99,17104896,0.064792,0.507656,16.906927
GPen,2048,curve,512,simple,15,3,99,17104896,0.064792,0.513959,7.645156
GPen,2048,curve,512,contact,16,3,99,17104896,0.064792,0.532500,16.913698
GPen,2048,curve,512,simple,16,3,99,17104896,0.064792,0.557604,7.882344
GPen,2048,curve,512,merged,16,2,99,11796480,0.071095,0.681354,6.089479
GPen,2048,curve,512,simple,17,3,99,17104896,0.064792,0.568698,7.878437
GPen,2048,curve,512,merged,17,2,99,11796480,0.071095,0.500209,6.411562
GPen,2048,curve,512,contact,17,3,99,17104896,0.064792,0.507188,16.968541
GPen,2048,curve,512,merged,18,2,99,11796480,0.071095,0.518177,6.410260
GPen,2048,curve,512,contact,18,3,99,17104896,0.064792,0.485834,16.966614
GPen,2048,curve,512,simple,18,3,99,17104896,0.064792,0.522552,7.873333
GPen,2048,curve,512,contact,19,3,99,17104896,0.064792,0.678333,16.968229
GPen,2048,curve,512,simple,19,3,99,17104896,0.064792,0.503646,7.872396
GPen,2048,curve,512,merged,19,2,99,11796480,0.071095,0.513802,6.406406
GPen,2048,curve,512,simple,20,3,99,17104896,0.064792,0.504896,7.868437
GPen,2048,curve,512,merged,20,2,99,11796480,0.071095,0.591667,6.389271
GPen,2048,curve,512,contact,20,3,99,17104896,0.064792,0.675416,16.965833
GPen,2048,curve,512,merged,21,2,99,11796480,0.071095,0.489896,6.400104
GPen,2048,curve,512,contact,21,3,99,17104896,0.064792,0.571875,16.986770
GPen,2048,curve,512,simple,21,3,99,17104896,0.064792,0.635156,7.884479
GPen,2048,curve,512,contact,22,3,99,17104896,0.064792,0.927240,16.961458
GPen,2048,curve,512,simple,22,3,99,17104896,0.064792,0.616771,7.883333
GPen,2048,curve,512,merged,22,2,99,11796480,0.071095,0.801979,6.416094
GPen,2048,curve,512,simple,23,3,99,17104896,0.064792,0.532864,7.874479
GPen,2048,curve,512,merged,23,2,99,11796480,0.071095,0.832292,6.414635
GPen,2048,curve,512,contact,23,3,99,17104896,0.064792,0.558906,16.959010
GPen,2048,curve,512,merged,24,2,99,11796480,0.071095,0.831771,6.405989
GPen,2048,curve,512,contact,24,3,99,17104896,0.064792,0.453386,16.972343
GPen,2048,curve,512,simple,24,3,99,17104896,0.064792,0.528386,7.886979
GPen,2048,curve,512,contact,25,3,99,17104896,0.064792,0.629531,16.963854
GPen,2048,curve,512,simple,25,3,99,17104896,0.064792,0.510521,7.897291
GPen,2048,curve,512,merged,25,2,99,11796480,0.071095,0.531718,6.405729
GPen,2048,curve,512,simple,26,3,99,17104896,0.064792,0.513698,7.879948
GPen,2048,curve,512,merged,26,2,99,11796480,0.071095,0.666927,6.399375
GPen,2048,curve,512,contact,26,3,99,17104896,0.064792,0.716041,16.965989
GPen,2048,curve,512,merged,27,2,99,11796480,0.071095,0.708646,6.405937
GPen,2048,curve,512,contact,27,3,99,17104896,0.064792,0.415781,16.961406
GPen,2048,curve,512,simple,27,3,99,17104896,0.064792,0.513386,7.875885
GPen,2048,curve,512,contact,28,3,99,17104896,0.064792,0.772968,16.966198
GPen,2048,curve,512,simple,28,3,99,17104896,0.064792,0.562865,7.883229
GPen,2048,curve,512,merged,28,2,99,11796480,0.071095,0.439843,6.394479
GPen,2048,curve,512,simple,29,3,99,17104896,0.064792,0.543333,7.874166
GPen,2048,curve,512,merged,29,2,99,11796480,0.071095,0.466667,6.412864
GPen,2048,curve,512,contact,29,3,99,17104896,0.064792,0.448386,16.963020
GPen,2048,backlog,4096,merged,0,1,225,14745600,0.051303,0.496510,8.265677
GPen,2048,backlog,4096,contact,0,13,225,78446592,0.128073,0.197292,100.228487
GPen,2048,backlog,4096,simple,0,13,225,78446592,0.128073,0.201406,55.781717
GPen,2048,backlog,4096,contact,1,13,225,78446592,0.128073,0.201719,98.599581
GPen,2048,backlog,4096,simple,1,13,225,78446592,0.128073,0.303229,14.968958
GPen,2048,backlog,4096,merged,1,1,225,14745600,0.051303,0.780260,8.270989
GPen,2048,backlog,4096,simple,2,13,225,78446592,0.128073,0.515052,14.975833
GPen,2048,backlog,4096,merged,2,1,225,14745600,0.051303,0.670573,8.252291
GPen,2048,backlog,4096,contact,2,13,225,78446592,0.128073,0.491979,33.435728
GPen,2048,backlog,4096,merged,3,1,225,14745600,0.051303,0.500678,8.266198
GPen,2048,backlog,4096,contact,3,13,225,78446592,0.128073,0.416094,33.426562
GPen,2048,backlog,4096,simple,3,13,225,78446592,0.128073,0.609427,14.972187
GPen,2048,backlog,4096,contact,4,13,225,78446592,0.128073,0.513698,33.432812
GPen,2048,backlog,4096,simple,4,13,225,78446592,0.128073,0.485000,14.970833
GPen,2048,backlog,4096,merged,4,1,225,14745600,0.051303,0.633229,8.264114
GPen,2048,backlog,4096,simple,5,13,225,78446592,0.128073,0.522916,14.971979
GPen,2048,backlog,4096,merged,5,1,225,14745600,0.051303,0.326875,8.281354
GPen,2048,backlog,4096,contact,5,13,225,78446592,0.128073,0.518333,33.425051
GPen,2048,backlog,4096,merged,6,1,225,14745600,0.051303,0.425053,8.272500
GPen,2048,backlog,4096,contact,6,13,225,78446592,0.128073,0.511719,33.422395
GPen,2048,backlog,4096,simple,6,13,225,78446592,0.128073,0.401771,14.966510
GPen,2048,backlog,4096,contact,7,13,225,78446592,0.128073,0.361458,33.426249
GPen,2048,backlog,4096,simple,7,13,225,78446592,0.128073,0.568646,14.961666
GPen,2048,backlog,4096,merged,7,1,225,14745600,0.051303,0.414792,8.276458
GPen,2048,backlog,4096,simple,8,13,225,78446592,0.128073,0.560573,14.965312
GPen,2048,backlog,4096,merged,8,1,225,14745600,0.051303,0.324896,8.273541
GPen,2048,backlog,4096,contact,8,13,225,78446592,0.128073,0.519687,33.427343
GPen,2048,backlog,4096,merged,9,1,225,14745600,0.051303,0.559167,8.270573
GPen,2048,backlog,4096,contact,9,13,225,78446592,0.128073,0.496979,33.433020
GPen,2048,backlog,4096,simple,9,13,225,78446592,0.128073,0.672500,14.978802
GPen,2048,backlog,4096,contact,10,13,225,78446592,0.128073,0.492760,33.430728
GPen,2048,backlog,4096,simple,10,13,225,78446592,0.128073,0.509271,14.982135
GPen,2048,backlog,4096,merged,10,1,225,14745600,0.051303,0.503802,8.270521
GPen,2048,backlog,4096,simple,11,13,225,78446592,0.128073,0.509167,14.972239
GPen,2048,backlog,4096,merged,11,1,225,14745600,0.051303,0.509375,8.285573
GPen,2048,backlog,4096,contact,11,13,225,78446592,0.128073,0.502708,33.421145
GPen,2048,backlog,4096,merged,12,1,225,14745600,0.051303,0.498489,8.260364
GPen,2048,backlog,4096,contact,12,13,225,78446592,0.128073,0.824792,33.419166
GPen,2048,backlog,4096,simple,12,13,225,78446592,0.128073,0.593490,14.979427
GPen,2048,backlog,4096,contact,13,13,225,78446592,0.128073,0.511302,33.416458
GPen,2048,backlog,4096,simple,13,13,225,78446592,0.128073,0.499271,14.991510
GPen,2048,backlog,4096,merged,13,1,225,14745600,0.051303,0.488125,8.267448
GPen,2048,backlog,4096,simple,14,13,225,78446592,0.128073,0.479583,14.977239
GPen,2048,backlog,4096,merged,14,1,225,14745600,0.051303,0.592656,8.271771
GPen,2048,backlog,4096,contact,14,13,225,78446592,0.128073,0.514792,33.420676
GPen,2048,backlog,4096,merged,15,1,225,14745600,0.051303,0.720625,8.260573
GPen,2048,backlog,4096,contact,15,13,225,78446592,0.128073,0.491041,33.421718
GPen,2048,backlog,4096,simple,15,13,225,78446592,0.128073,0.498021,14.963385
GPen,2048,backlog,4096,contact,16,13,225,78446592,0.128073,0.475209,33.434478
GPen,2048,backlog,4096,simple,16,13,225,78446592,0.128073,0.458437,15.028489
GPen,2048,backlog,4096,merged,16,1,225,14745600,0.051303,0.468646,8.433958
GPen,2048,backlog,4096,simple,17,13,225,78446592,0.128073,0.496667,14.993541
GPen,2048,backlog,4096,merged,17,1,225,14745600,0.051303,0.505885,8.285729
GPen,2048,backlog,4096,contact,17,13,225,78446592,0.128073,0.498073,33.413541
GPen,2048,backlog,4096,merged,18,1,225,14745600,0.051303,0.610208,8.277135
GPen,2048,backlog,4096,contact,18,13,225,78446592,0.128073,0.493594,33.419999
GPen,2048,backlog,4096,simple,18,13,225,78446592,0.128073,0.507916,14.977812
GPen,2048,backlog,4096,contact,19,13,225,78446592,0.128073,0.490937,33.430364
GPen,2048,backlog,4096,simple,19,13,225,78446592,0.128073,0.496250,14.985729
GPen,2048,backlog,4096,merged,19,1,225,14745600,0.051303,0.540781,8.282291
GPen,2048,backlog,4096,simple,20,13,225,78446592,0.128073,0.495260,14.999166
GPen,2048,backlog,4096,merged,20,1,225,14745600,0.051303,0.521927,8.273541
GPen,2048,backlog,4096,contact,20,13,225,78446592,0.128073,0.510938,33.419791
GPen,2048,backlog,4096,merged,21,1,225,14745600,0.051303,0.593229,8.263854
GPen,2048,backlog,4096,contact,21,13,225,78446592,0.128073,0.499583,33.429322
GPen,2048,backlog,4096,simple,21,13,225,78446592,0.128073,0.594062,14.982187
GPen,2048,backlog,4096,contact,22,13,225,78446592,0.128073,0.513541,33.417187
GPen,2048,backlog,4096,simple,22,13,225,78446592,0.128073,0.810729,14.979895
GPen,2048,backlog,4096,merged,22,1,225,14745600,0.051303,0.492083,8.251614
GPen,2048,backlog,4096,simple,23,13,225,78446592,0.128073,0.497136,14.969375
GPen,2048,backlog,4096,merged,23,1,225,14745600,0.051303,0.501041,8.339010
GPen,2048,backlog,4096,contact,23,13,225,78446592,0.128073,0.604948,33.426614
GPen,2048,backlog,4096,merged,24,1,225,14745600,0.051303,0.477447,8.273177
GPen,2048,backlog,4096,contact,24,13,225,78446592,0.128073,0.499427,33.428333
GPen,2048,backlog,4096,simple,24,13,225,78446592,0.128073,0.503020,14.978541
GPen,2048,backlog,4096,contact,25,13,225,78446592,0.128073,0.477396,33.413072
GPen,2048,backlog,4096,simple,25,13,225,78446592,0.128073,0.583958,14.975416
GPen,2048,backlog,4096,merged,25,1,225,14745600,0.051303,0.575729,8.276510
GPen,2048,backlog,4096,simple,26,13,225,78446592,0.128073,1.084844,14.975573
GPen,2048,backlog,4096,merged,26,1,225,14745600,0.051303,0.669896,8.286354
GPen,2048,backlog,4096,contact,26,13,225,78446592,0.128073,0.524791,33.431614
GPen,2048,backlog,4096,merged,27,1,225,14745600,0.051303,0.489219,8.267500
GPen,2048,backlog,4096,contact,27,13,225,78446592,0.128073,0.515625,33.425885
GPen,2048,backlog,4096,simple,27,13,225,78446592,0.128073,0.581146,14.965989
GPen,2048,backlog,4096,contact,28,13,225,78446592,0.128073,0.515208,33.426093
GPen,2048,backlog,4096,simple,28,13,225,78446592,0.128073,0.609063,14.963698
GPen,2048,backlog,4096,merged,28,1,225,14745600,0.051303,0.478594,8.273854
GPen,2048,backlog,4096,simple,29,13,225,78446592,0.128073,0.502239,14.971614
GPen,2048,backlog,4096,merged,29,1,225,14745600,0.051303,0.498229,8.265156
GPen,2048,backlog,4096,contact,29,13,225,78446592,0.128073,0.506198,33.432916
Pencil,32,straight,512,merged,0,1,3,196608,0.052604,0.410677,0.080573
Pencil,32,straight,512,contact,0,125,3,9502720,0.065937,0.321510,2.468802
Pencil,32,straight,512,simple,0,125,3,9502720,0.065937,0.165469,1.227135
Pencil,32,straight,512,contact,1,125,3,9502720,0.065937,0.150573,2.482031
Pencil,32,straight,512,simple,1,125,3,9502720,0.065937,0.115886,1.222135
Pencil,32,straight,512,merged,1,1,3,196608,0.052604,0.105781,0.079740
Pencil,32,straight,512,simple,2,125,3,9502720,0.065937,0.192448,1.223542
Pencil,32,straight,512,merged,2,1,3,196608,0.052604,0.276718,0.079375
Pencil,32,straight,512,contact,2,125,3,9502720,0.065937,0.270105,2.467240
Pencil,32,straight,512,merged,3,1,3,196608,0.052604,0.325208,0.077917
Pencil,32,straight,512,contact,3,125,3,9502720,0.065937,0.333021,2.467760
Pencil,32,straight,512,simple,3,125,3,9502720,0.065937,0.273854,1.223437
Pencil,32,straight,512,contact,4,125,3,9502720,0.065937,0.279687,2.468958
Pencil,32,straight,512,simple,4,125,3,9502720,0.065937,0.375364,1.222917
Pencil,32,straight,512,merged,4,1,3,196608,0.052604,0.383958,0.079323
Pencil,32,straight,512,simple,5,125,3,9502720,0.065937,0.395885,1.225781
Pencil,32,straight,512,merged,5,1,3,196608,0.052604,0.399115,0.078906
Pencil,32,straight,512,contact,5,125,3,9502720,0.065937,0.481354,2.477083
Pencil,32,straight,512,merged,6,1,3,196608,0.052604,0.385677,0.080781
Pencil,32,straight,512,contact,6,125,3,9502720,0.065937,0.391458,2.471354
Pencil,32,straight,512,simple,6,125,3,9502720,0.065937,0.445782,1.225208
Pencil,32,straight,512,contact,7,125,3,9502720,0.065937,0.384739,2.472344
Pencil,32,straight,512,simple,7,125,3,9502720,0.065937,0.379844,1.224219
Pencil,32,straight,512,merged,7,1,3,196608,0.052604,0.385833,0.080104
Pencil,32,straight,512,simple,8,125,3,9502720,0.065937,0.376094,1.225990
Pencil,32,straight,512,merged,8,1,3,196608,0.052604,0.395469,0.077812
Pencil,32,straight,512,contact,8,125,3,9502720,0.065937,0.379270,2.466042
Pencil,32,straight,512,merged,9,1,3,196608,0.052604,0.379844,0.080104
Pencil,32,straight,512,contact,9,125,3,9502720,0.065937,0.527395,2.470312
Pencil,32,straight,512,simple,9,125,3,9502720,0.065937,0.499948,1.223073
Pencil,32,straight,512,contact,10,125,3,9502720,0.065937,0.395625,2.469323
Pencil,32,straight,512,simple,10,125,3,9502720,0.065937,0.399948,1.222344
Pencil,32,straight,512,merged,10,1,3,196608,0.052604,0.369166,0.077760
Pencil,32,straight,512,simple,11,125,3,9502720,0.065937,0.487344,1.219844
Pencil,32,straight,512,merged,11,1,3,196608,0.052604,0.389792,0.079427
Pencil,32,straight,512,contact,11,125,3,9502720,0.065937,0.370677,2.466615
Pencil,32,straight,512,merged,12,1,3,196608,0.052604,0.362969,0.078750
Pencil,32,straight,512,contact,12,125,3,9502720,0.065937,0.476979,2.472292
Pencil,32,straight,512,simple,12,125,3,9502720,0.065937,0.428385,1.220885
Pencil,32,straight,512,contact,13,125,3,9502720,0.065937,0.375260,2.470469
Pencil,32,straight,512,simple,13,125,3,9502720,0.065937,0.386458,1.226198
Pencil,32,straight,512,merged,13,1,3,196608,0.052604,0.375313,0.077396
Pencil,32,straight,512,simple,14,125,3,9502720,0.065937,0.369532,1.225156
Pencil,32,straight,512,merged,14,1,3,196608,0.052604,0.383230,0.078698
Pencil,32,straight,512,contact,14,125,3,9502720,0.065937,0.378282,2.466302
Pencil,32,straight,512,merged,15,1,3,196608,0.052604,0.466875,0.078646
Pencil,32,straight,512,contact,15,125,3,9502720,0.065937,0.386667,2.468281
Pencil,32,straight,512,simple,15,125,3,9502720,0.065937,0.429635,1.223125
Pencil,32,straight,512,contact,16,125,3,9502720,0.065937,0.382604,2.467344
Pencil,32,straight,512,simple,16,125,3,9502720,0.065937,0.367344,1.229219
Pencil,32,straight,512,merged,16,1,3,196608,0.052604,0.364688,0.079740
Pencil,32,straight,512,simple,17,125,3,9502720,0.065937,0.369792,1.222448
Pencil,32,straight,512,merged,17,1,3,196608,0.052604,0.377552,0.079583
Pencil,32,straight,512,contact,17,125,3,9502720,0.065937,0.384011,2.469792
Pencil,32,straight,512,merged,18,1,3,196608,0.052604,0.467708,0.078958
Pencil,32,straight,512,contact,18,125,3,9502720,0.065937,0.374635,2.473802
Pencil,32,straight,512,simple,18,125,3,9502720,0.065937,0.434479,1.226615
Pencil,32,straight,512,contact,19,125,3,9502720,0.065937,0.388281,2.465937
Pencil,32,straight,512,simple,19,125,3,9502720,0.065937,0.453542,1.219219
Pencil,32,straight,512,merged,19,1,3,196608,0.052604,0.379740,0.077917
Pencil,32,straight,512,simple,20,125,3,9502720,0.065937,0.379479,1.219427
Pencil,32,straight,512,merged,20,1,3,196608,0.052604,0.368385,0.079167
Pencil,32,straight,512,contact,20,125,3,9502720,0.065937,0.375468,2.464635
Pencil,32,straight,512,merged,21,1,3,196608,0.052604,0.374115,0.079375
Pencil,32,straight,512,contact,21,125,3,9502720,0.065937,0.374635,2.470312
Pencil,32,straight,512,simple,21,125,3,9502720,0.065937,0.362396,1.222812
Pencil,32,straight,512,contact,22,125,3,9502720,0.065937,0.364532,2.467344
Pencil,32,straight,512,simple,22,125,3,9502720,0.065937,0.380417,1.225365
Pencil,32,straight,512,merged,22,1,3,196608,0.052604,0.370313,0.078958
Pencil,32,straight,512,simple,23,125,3,9502720,0.065937,0.376250,1.224635
Pencil,32,straight,512,merged,23,1,3,196608,0.052604,0.367604,0.080104
Pencil,32,straight,512,contact,23,125,3,9502720,0.065937,0.439947,2.467604
Pencil,32,straight,512,merged,24,1,3,196608,0.052604,0.379427,0.080156
Pencil,32,straight,512,contact,24,125,3,9502720,0.065937,0.378802,2.465781
Pencil,32,straight,512,simple,24,125,3,9502720,0.065937,0.373177,1.224010
Pencil,32,straight,512,contact,25,125,3,9502720,0.065937,0.381614,2.466875
Pencil,32,straight,512,simple,25,125,3,9502720,0.065937,0.363490,1.222604
Pencil,32,straight,512,merged,25,1,3,196608,0.052604,0.363698,0.079115
Pencil,32,straight,512,simple,26,125,3,9502720,0.065937,0.382188,1.221719
Pencil,32,straight,512,merged,26,1,3,196608,0.052604,0.451459,0.078698
Pencil,32,straight,512,contact,26,125,3,9502720,0.065937,0.368959,2.470208
Pencil,32,straight,512,merged,27,1,3,196608,0.052604,0.380781,0.078021
Pencil,32,straight,512,contact,27,125,3,9502720,0.065937,0.382031,2.474271
Pencil,32,straight,512,simple,27,125,3,9502720,0.065937,0.367865,1.222969
Pencil,32,straight,512,contact,28,125,3,9502720,0.065937,0.465886,2.469792
Pencil,32,straight,512,simple,28,125,3,9502720,0.065937,0.377448,1.224687
Pencil,32,straight,512,merged,28,1,3,196608,0.052604,0.363959,0.079323
Pencil,32,straight,512,simple,29,125,3,9502720,0.065937,0.365052,1.218906
Pencil,32,straight,512,merged,29,1,3,196608,0.052604,0.374218,0.081562
Pencil,32,straight,512,contact,29,125,3,9502720,0.065937,0.354115,2.465312
Pencil,32,curve,512,merged,0,27,3,2031616,0.439584,0.378750,0.320729
Pencil,32,curve,512,contact,0,142,3,10878976,0.380365,0.514844,3.106719
Pencil,32,curve,512,simple,0,142,3,10878976,0.380365,0.173907,1.534687
Pencil,32,curve,512,contact,1,142,3,10878976,0.380365,0.164375,3.110000
Pencil,32,curve,512,simple,1,142,3,10878976,0.380365,0.107240,1.528437
Pencil,32,curve,512,merged,1,27,3,2031616,0.439584,0.397968,0.337031
Pencil,32,curve,512,simple,2,142,3,10878976,0.380365,0.266094,1.615781
Pencil,32,curve,512,merged,2,27,3,2031616,0.439584,0.255365,0.337969
Pencil,32,curve,512,contact,2,142,3,10878976,0.380365,0.254219,3.264635
Pencil,32,curve,512,merged,3,27,3,2031616,0.439584,0.378281,0.337500
Pencil,32,curve,512,contact,3,142,3,10878976,0.380365,0.363542,3.261615
Pencil,32,curve,512,simple,3,142,3,10878976,0.380365,0.371927,1.606927
Pencil,32,curve,512,contact,4,142,3,10878976,0.380365,0.382084,3.265625
Pencil,32,curve,512,simple,4,142,3,10878976,0.380365,0.383594,1.613021
Pencil,32,curve,512,merged,4,27,3,2031616,0.439584,0.374062,0.337240
Pencil,32,curve,512,simple,5,142,3,10878976,0.380365,0.369375,1.611979
Pencil,32,curve,512,merged,5,27,3,2031616,0.439584,0.373646,0.337708
Pencil,32,curve,512,contact,5,142,3,10878976,0.380365,0.360834,3.269479
Pencil,32,curve,512,merged,6,27,3,2031616,0.439584,0.622187,0.337448
Pencil,32,curve,512,contact,6,142,3,10878976,0.380365,0.482865,3.264323
Pencil,32,curve,512,simple,6,142,3,10878976,0.380365,0.372448,1.611146
Pencil,32,curve,512,contact,7,142,3,10878976,0.380365,0.374011,3.272344
Pencil,32,curve,512,simple,7,142,3,10878976,0.380365,0.370104,1.609427
Pencil,32,curve,512,merged,7,27,3,2031616,0.439584,0.386719,0.337552
Pencil,32,curve,512,simple,8,142,3,10878976,0.380365,0.452552,1.606927
Pencil,32,curve,512,merged,8,27,3,2031616,0.439584,0.376146,0.337708
Pencil,32,curve,512,contact,8,142,3,10878976,0.380365,0.480781,3.265990
Pencil,32,curve,512,merged,9,27,3,2031616,0.439584,0.571198,0.355469
Pencil,32,curve,512,contact,9,142,3,10878976,0.380365,0.391771,3.453489
Pencil,32,curve,512,simple,9,142,3,10878976,0.380365,0.384687,1.697969
Pencil,32,curve,512,contact,10,142,3,10878976,0.380365,0.376041,3.453594
Pencil,32,curve,512,simple,10,142,3,10878976,0.380365,0.385417,1.698281
Pencil,32,curve,512,merged,10,27,3,2031616,0.439584,0.381458,0.355417
Pencil,32,curve,512,simple,11,142,3,10878976,0.380365,0.390938,1.696198
Pencil,32,curve,512,merged,11,27,3,2031616,0.439584,0.374896,0.356302
Pencil,32,curve,512,contact,11,142,3,10878976,0.380365,0.382291,3.455052
Pencil,32,curve,512,merged,12,27,3,2031616,0.439584,0.649218,0.356250
Pencil,32,curve,512,contact,12,142,3,10878976,0.380365,0.373177,3.448802
Pencil,32,curve,512,simple,12,142,3,10878976,0.380365,0.377032,1.695417
Pencil,32,curve,512,contact,13,142,3,10878976,0.380365,0.478282,3.460781
Pencil,32,curve,512,simple,13,142,3,10878976,0.380365,0.377917,1.706927
Pencil,32,curve,512,merged,13,27,3,2031616,0.439584,0.369583,0.354896
Pencil,32,curve,512,simple,14,142,3,10878976,0.380365,0.376614,1.704167
Pencil,32,curve,512,merged,14,27,3,2031616,0.439584,0.492656,0.355365
Pencil,32,curve,512,contact,14,142,3,10878976,0.380365,0.386719,3.450312
Pencil,32,curve,512,merged,15,27,3,2031616,0.439584,0.374636,0.356250
Pencil,32,curve,512,contact,15,142,3,10878976,0.380365,0.378021,3.448906
Pencil,32,curve,512,simple,15,142,3,10878976,0.380365,0.522708,1.706771
Pencil,32,curve,512,contact,16,142,3,10878976,0.380365,0.374219,3.455833
Pencil,32,curve,512,simple,16,142,3,10878976,0.380365,0.381979,1.831562
Pencil,32,curve,512,merged,16,27,3,2031616,0.439584,0.384896,0.382396
Pencil,32,curve,512,simple,17,142,3,10878976,0.380365,0.481510,1.832812
Pencil,32,curve,512,merged,17,27,3,2031616,0.439584,0.374583,0.382344
Pencil,32,curve,512,contact,17,142,3,10878976,0.380365,0.382708,3.719167
Pencil,32,curve,512,merged,18,27,3,2031616,0.439584,0.403646,0.384427
Pencil,32,curve,512,contact,18,142,3,10878976,0.380365,0.367917,3.720417
Pencil,32,curve,512,simple,18,142,3,10878976,0.380365,0.448125,1.833854
Pencil,32,curve,512,contact,19,142,3,10878976,0.380365,0.391667,3.715052
Pencil,32,curve,512,simple,19,142,3,10878976,0.380365,0.379062,1.832344
Pencil,32,curve,512,merged,19,27,3,2031616,0.439584,0.367448,0.383437
Pencil,32,curve,512,simple,20,142,3,10878976,0.380365,0.465208,1.835156
Pencil,32,curve,512,merged,20,27,3,2031616,0.439584,0.378802,0.385833
Pencil,32,curve,512,contact,20,142,3,10878976,0.380365,0.392813,3.718594
Pencil,32,curve,512,merged,21,27,3,2031616,0.439584,0.378281,0.384531
Pencil,32,curve,512,contact,21,142,3,10878976,0.380365,0.365052,3.727292
Pencil,32,curve,512,simple,21,142,3,10878976,0.380365,0.469271,1.831146
Pencil,32,curve,512,contact,22,142,3,10878976,0.380365,0.580260,3.719219
Pencil,32,curve,512,simple,22,142,3,10878976,0.380365,0.465365,1.837031
Pencil,32,curve,512,merged,22,27,3,2031616,0.439584,0.510365,0.384219
Pencil,32,curve,512,simple,23,142,3,10878976,0.380365,0.464792,2.067187
Pencil,32,curve,512,merged,23,27,3,2031616,0.439584,0.391094,0.434062
Pencil,32,curve,512,contact,23,142,3,10878976,0.380365,0.383177,4.218021
Pencil,32,curve,512,merged,24,27,3,2031616,0.439584,0.528802,0.436771
Pencil,32,curve,512,contact,24,142,3,10878976,0.380365,0.405157,4.221042
Pencil,32,curve,512,simple,24,142,3,10878976,0.380365,0.381302,2.078490
Pencil,32,curve,512,contact,25,142,3,10878976,0.380365,0.440938,4.220260
Pencil,32,curve,512,simple,25,142,3,10878976,0.380365,0.398230,2.078177
Pencil,32,curve,512,merged,25,27,3,2031616,0.439584,0.390990,0.434479
Pencil,32,curve,512,simple,26,142,3,10878976,0.380365,0.539636,2.073437
Pencil,32,curve,512,merged,26,27,3,2031616,0.439584,0.384323,0.434844
Pencil,32,curve,512,contact,26,142,3,10878976,0.380365,0.382708,4.225625
Pencil,32,curve,512,merged,27,27,3,2031616,0.439584,0.464687,0.433750
Pencil,32,curve,512,contact,27,142,3,10878976,0.380365,0.498073,4.218177
Pencil,32,curve,512,simple,27,142,3,10878976,0.380365,0.392604,2.078854
Pencil,32,curve,512,contact,28,142,3,10878976,0.380365,0.446511,4.535625
Pencil,32,curve,512,simple,28,142,3,10878976,0.380365,0.449948,2.229375
Pencil,32,curve,512,merged,28,27,3,2031616,0.439584,0.462240,0.470677
Pencil,32,curve,512,simple,29,142,3,10878976,0.380365,0.386354,2.239792
Pencil,32,curve,512,merged,29,27,3,2031616,0.439584,0.395989,0.466302
Pencil,32,curve,512,contact,29,142,3,10878976,0.380365,0.383073,4.537917
Pencil,256,straight,512,merged,0,1,8,524288,0.178020,0.376094,0.336042
Pencil,256,straight,512,contact,0,17,8,4718592,0.212031,0.342708,2.739167
Pencil,256,straight,512,simple,0,17,8,4718592,0.212031,0.362709,1.308073
Pencil,256,straight,512,contact,1,17,8,4718592,0.212031,0.305208,2.748698
Pencil,256,straight,512,simple,1,17,8,4718592,0.212031,0.131823,1.213958
Pencil,256,straight,512,merged,1,1,8,524288,0.178020,0.123490,0.350052
Pencil,256,straight,512,simple,2,17,8,4718592,0.212031,0.313750,1.215260
Pencil,256,straight,512,merged,2,1,8,524288,0.178020,0.268125,0.348333
Pencil,256,straight,512,contact,2,17,8,4718592,0.212031,0.232448,2.713802
Pencil,256,straight,512,merged,3,1,8,524288,0.178020,0.362657,0.344896
Pencil,256,straight,512,contact,3,17,8,4718592,0.212031,0.379271,2.715000
Pencil,256,straight,512,simple,3,17,8,4718592,0.212031,0.351563,1.222760
Pencil,256,straight,512,contact,4,17,8,4718592,0.212031,0.333542,3.435000
Pencil,256,straight,512,simple,4,17,8,4718592,0.212031,0.389114,1.545573
Pencil,256,straight,512,merged,4,1,8,524288,0.178020,0.383177,0.426875
Pencil,256,straight,512,simple,5,17,8,4718592,0.212031,0.403021,1.541875
Pencil,256,straight,512,merged,5,1,8,524288,0.178020,0.391198,0.439740
Pencil,256,straight,512,contact,5,17,8,4718592,0.212031,0.381146,3.437135
Pencil,256,straight,512,merged,6,1,8,524288,0.178020,0.385989,0.437969
Pencil,256,straight,512,contact,6,17,8,4718592,0.212031,0.375313,3.432552
Pencil,256,straight,512,simple,6,17,8,4718592,0.212031,0.402500,1.545156
Pencil,256,straight,512,contact,7,17,8,4718592,0.212031,0.385573,3.440312
Pencil,256,straight,512,simple,7,17,8,4718592,0.212031,0.464010,1.546094
Pencil,256,straight,512,merged,7,1,8,524288,0.178020,0.374636,0.441875
Pencil,256,straight,512,simple,8,17,8,4718592,0.212031,2.103906,1.547917
Pencil,256,straight,512,merged,8,1,8,524288,0.178020,0.408854,0.434896
Pencil,256,straight,512,contact,8,17,8,4718592,0.212031,0.397708,3.433698
Pencil,256,straight,512,merged,9,1,8,524288,0.178020,0.388646,0.436562
Pencil,256,straight,512,contact,9,17,8,4718592,0.212031,0.377708,3.432812
Pencil,256,straight,512,simple,9,17,8,4718592,0.212031,0.375468,1.548021
Pencil,256,straight,512,contact,10,17,8,4718592,0.212031,0.374948,3.438802
Pencil,256,straight,512,simple,10,17,8,4718592,0.212031,0.794531,2.156823
Pencil,256,straight,512,merged,10,1,8,524288,0.178020,0.385417,0.612604
Pencil,256,straight,512,simple,11,17,8,4718592,0.212031,0.392083,2.148646
Pencil,256,straight,512,merged,11,1,8,524288,0.178020,0.388177,0.601562
Pencil,256,straight,512,contact,11,17,8,4718592,0.212031,0.382604,4.841146
Pencil,256,straight,512,merged,12,1,8,524288,0.178020,0.440208,0.599479
Pencil,256,straight,512,contact,12,17,8,4718592,0.212031,0.387083,4.844114
Pencil,256,straight,512,simple,12,17,8,4718592,0.212031,0.448802,2.152500
Pencil,256,straight,512,contact,13,17,8,4718592,0.212031,0.466302,4.835885
Pencil,256,straight,512,simple,13,17,8,4718592,0.212031,0.448125,2.152500
Pencil,256,straight,512,merged,13,1,8,524288,0.178020,0.380938,0.600469
Pencil,256,straight,512,simple,14,17,8,4718592,0.212031,0.384687,2.149427
Pencil,256,straight,512,merged,14,1,8,524288,0.178020,0.397136,0.600885
Pencil,256,straight,512,contact,14,17,8,4718592,0.212031,0.374740,4.839896
Pencil,256,straight,512,merged,15,1,8,524288,0.178020,0.447083,0.601406
Pencil,256,straight,512,contact,15,17,8,4718592,0.212031,0.388802,4.834583
Pencil,256,straight,512,simple,15,17,8,4718592,0.212031,0.655052,2.150052
Pencil,256,straight,512,contact,16,17,8,4718592,0.212031,0.398125,4.838333
Pencil,256,straight,512,simple,16,17,8,4718592,0.212031,0.518490,2.150521
Pencil,256,straight,512,merged,16,1,8,524288,0.178020,0.483125,0.618073
Pencil,256,straight,512,simple,17,17,8,4718592,0.212031,0.395938,2.154792
Pencil,256,straight,512,merged,17,1,8,524288,0.178020,0.372240,0.606562
Pencil,256,straight,512,contact,17,17,8,4718592,0.212031,0.506667,4.833906
Pencil,256,straight,512,merged,18,1,8,524288,0.178020,0.504375,0.602500
Pencil,256,straight,512,contact,18,17,8,4718592,0.212031,0.397187,4.841406
Pencil,256,straight,512,simple,18,17,8,4718592,0.212031,0.497656,2.152500
Pencil,256,straight,512,contact,19,17,8,4718592,0.212031,0.443698,4.837760
Pencil,256,straight,512,simple,19,17,8,4718592,0.212031,0.638593,2.151458
Pencil,256,straight,512,merged,19,1,8,524288,0.178020,0.538802,0.598177
Pencil,256,straight,512,simple,20,17,8,4718592,0.212031,0.415885,2.151719
Pencil,256,straight,512,merged,20,1,8,524288,0.178020,0.404219,0.609740
Pencil,256,straight,512,contact,20,17,8,4718592,0.212031,0.537865,4.866250
Pencil,256,straight,512,merged,21,1,8,524288,0.178020,0.471302,0.601198
Pencil,256,straight,512,contact,21,17,8,4718592,0.212031,0.414322,4.828385
Pencil,256,straight,512,simple,21,17,8,4718592,0.212031,0.484271,2.207552
Pencil,256,straight,512,contact,22,17,8,4718592,0.212031,0.429895,4.867760
Pencil,256,straight,512,simple,22,17,8,4718592,0.212031,0.548959,2.197292
Pencil,256,straight,512,merged,22,1,8,524288,0.178020,0.417864,0.632760
Pencil,256,straight,512,simple,23,17,8,4718592,0.212031,0.420729,2.197917
Pencil,256,straight,512,merged,23,1,8,524288,0.178020,0.412187,0.634479
Pencil,256,straight,512,contact,23,17,8,4718592,0.212031,0.405885,4.865573
Pencil,256,straight,512,merged,24,1,8,524288,0.178020,0.525261,0.649167
Pencil,256,straight,512,contact,24,17,8,4718592,0.212031,0.403073,4.864896
Pencil,256,straight,512,simple,24,17,8,4718592,0.212031,0.528333,2.194062
Pencil,256,straight,512,contact,25,17,8,4718592,0.212031,0.405365,4.876250
Pencil,256,straight,512,simple,25,17,8,4718592,0.212031,0.515885,2.195260
Pencil,256,straight,512,merged,25,1,8,524288,0.178020,0.499895,0.642240
Pencil,256,straight,512,simple,26,17,8,4718592,0.212031,0.389948,2.190417
Pencil,256,straight,512,merged,26,1,8,524288,0.178020,0.394479,0.633073
Pencil,256,straight,512,contact,26,17,8,4718592,0.212031,0.398489,4.865937
Pencil,256,straight,512,merged,27,1,8,524288,0.178020,0.515886,0.642083
Pencil,256,straight,512,contact,27,17,8,4718592,0.212031,0.483542,4.863854
Pencil,256,straight,512,simple,27,17,8,4718592,0.212031,0.461042,2.194740
Pencil,256,straight,512,contact,28,17,8,4718592,0.212031,0.403593,4.871042
Pencil,256,straight,512,simple,28,17,8,4718592,0.212031,0.457500,2.195833
Pencil,256,straight,512,merged,28,1,8,524288,0.178020,0.392344,0.636562
Pencil,256,straight,512,simple,29,17,8,4718592,0.212031,0.386354,2.195990
Pencil,256,straight,512,merged,29,1,8,524288,0.178020,0.401354,0.638542
Pencil,256,straight,512,contact,29,17,8,4718592,0.212031,0.484166,4.867187
Pencil,256,curve,512,merged,0,16,8,4456448,0.229324,0.456927,2.091146
Pencil,256,curve,512,contact,0,19,8,5242880,0.272865,0.618281,5.386406
Pencil,256,curve,512,simple,0,19,8,5242880,0.272865,0.519271,2.426979
Pencil,256,curve,512,contact,1,19,8,5242880,0.272865,0.490886,5.390417
Pencil,256,curve,512,simple,1,19,8,5242880,0.272865,0.199896,2.358490
Pencil,256,curve,512,merged,1,16,8,4456448,0.229324,0.481563,2.050260
Pencil,256,curve,512,simple,2,19,8,5242880,0.272865,0.503541,2.412031
Pencil,256,curve,512,merged,2,16,8,4456448,0.229324,0.484687,2.086927
Pencil,256,curve,512,contact,2,19,8,5242880,0.272865,0.461041,5.382135
Pencil,256,curve,512,merged,3,16,8,4456448,0.229324,0.403541,2.092708
Pencil,256,curve,512,contact,3,19,8,5242880,0.272865,0.472032,5.377708
Pencil,256,curve,512,simple,3,19,8,5242880,0.272865,0.465417,2.398698
Pencil,256,curve,512,contact,4,19,8,5242880,0.272865,0.544792,5.380312
Pencil,256,curve,512,simple,4,19,8,5242880,0.272865,0.454011,2.402240
Pencil,256,curve,512,merged,4,16,8,4456448,0.229324,0.401875,2.093437
Pencil,256,curve,512,simple,5,19,8,5242880,0.272865,0.410105,2.401771
Pencil,256,curve,512,merged,5,16,8,4456448,0.229324,0.411146,2.090573
Pencil,256,curve,512,contact,5,19,8,5242880,0.272865,0.520416,5.391458
Pencil,256,curve,512,merged,6,16,8,4456448,0.229324,0.467500,2.092031
Pencil,256,curve,512,contact,6,19,8,5242880,0.272865,0.487968,5.381927
Pencil,256,curve,512,simple,6,19,8,5242880,0.272865,0.469635,2.400521
Pencil,256,curve,512,contact,7,19,8,5242880,0.272865,0.425052,5.381562
Pencil,256,curve,512,simple,7,19,8,5242880,0.272865,0.554427,2.399740
Pencil,256,curve,512,merged,7,16,8,4456448,0.229324,0.508021,2.092292
Pencil,256,curve,512,simple,8,19,8,5242880,0.272865,0.415573,2.398385
Pencil,256,curve,512,merged,8,16,8,4456448,0.229324,0.388021,2.089115
Pencil,256,curve,512,contact,8,19,8,5242880,0.272865,0.405781,5.389479
Pencil,256,curve,512,merged,9,16,8,4456448,0.229324,0.469271,2.090469
Pencil,256,curve,512,contact,9,19,8,5242880,0.272865,0.380052,5.385052
Pencil,256,curve,512,simple,9,19,8,5242880,0.272865,0.458333,2.347917
Pencil,256,curve,512,contact,10,19,8,5242880,0.272865,1.416667,5.360781
Pencil,256,curve,512,simple,10,19,8,5242880,0.272865,0.440104,2.405052
Pencil,256,curve,512,merged,10,16,8,4456448,0.229324,0.521771,2.090729
Pencil,256,curve,512,simple,11,19,8,5242880,0.272865,0.400990,2.400208
Pencil,256,curve,512,merged,11,16,8,4456448,0.229324,0.402708,2.092552
Pencil,256,curve,512,contact,11,19,8,5242880,0.272865,0.395052,5.379375
Pencil,256,curve,512,merged,12,16,8,4456448,0.229324,0.447396,2.098177
Pencil,256,curve,512,contact,12,19,8,5242880,0.272865,0.401718,5.386667
Pencil,256,curve,512,simple,12,19,8,5242880,0.272865,0.385677,2.399583
Pencil,256,curve,512,contact,13,19,8,5242880,0.272865,0.399636,5.380156
Pencil,256,curve,512,simple,13,19,8,5242880,0.272865,0.528802,2.398229
Pencil,256,curve,512,merged,13,16,8,4456448,0.229324,0.438334,2.092917
Pencil,256,curve,512,simple,14,19,8,5242880,0.272865,0.416146,2.402135
Pencil,256,curve,512,merged,14,16,8,4456448,0.229324,0.399948,2.092344
Pencil,256,curve,512,contact,14,19,8,5242880,0.272865,0.430573,5.388125
Pencil,256,curve,512,merged,15,16,8,4456448,0.229324,0.657708,2.093646
Pencil,256,curve,512,contact,15,19,8,5242880,0.272865,0.573854,5.390521
Pencil,256,curve,512,simple,15,19,8,5242880,0.272865,0.391615,2.398698
Pencil,256,curve,512,contact,16,19,8,5242880,0.272865,0.526980,5.379062
Pencil,256,curve,512,simple,16,19,8,5242880,0.272865,0.467240,2.400156
Pencil,256,curve,512,merged,16,16,8,4456448,0.229324,0.544427,2.088490
Pencil,256,curve,512,simple,17,19,8,5242880,0.272865,0.434895,2.400990
Pencil,256,curve,512,merged,17,16,8,4456448,0.229324,0.391667,2.089948
Pencil,256,curve,512,contact,17,19,8,5242880,0.272865,0.519062,5.384219
Pencil,256,curve,512,merged,18,16,8,4456448,0.229324,0.399479,2.091875
Pencil,256,curve,512,contact,18,19,8,5242880,0.272865,0.394688,5.374635
Pencil,256,curve,512,simple,18,19,8,5242880,0.272865,0.512031,2.402396
Pencil,256,curve,512,contact,19,19,8,5242880,0.272865,0.400573,5.393958
Pencil,256,curve,512,simple,19,19,8,5242880,0.272865,0.512761,2.401250
Pencil,256,curve,512,merged,19,16,8,4456448,0.229324,0.424844,2.087240
Pencil,256,curve,512,simple,20,19,8,5242880,0.272865,0.427552,2.397292
Pencil,256,curve,512,merged,20,16,8,4456448,0.229324,0.464323,2.090052
Pencil,256,curve,512,contact,20,19,8,5242880,0.272865,0.645937,5.380208
Pencil,256,curve,512,merged,21,16,8,4456448,0.229324,0.469479,2.096094
Pencil,256,curve,512,contact,21,19,8,5242880,0.272865,0.414010,5.382187
Pencil,256,curve,512,simple,21,19,8,5242880,0.272865,0.513750,2.398854
Pencil,256,curve,512,contact,22,19,8,5242880,0.272865,0.422344,5.373906
Pencil,256,curve,512,simple,22,19,8,5242880,0.272865,0.506302,2.398385
Pencil,256,curve,512,merged,22,16,8,4456448,0.229324,0.522656,2.092187
Pencil,256,curve,512,simple,23,19,8,5242880,0.272865,0.483073,2.398854
Pencil,256,curve,512,merged,23,16,8,4456448,0.229324,0.398802,2.088333
Pencil,256,curve,512,contact,23,19,8,5242880,0.272865,0.533646,5.382292
Pencil,256,curve,512,merged,24,16,8,4456448,0.229324,0.453073,2.090417
Pencil,256,curve,512,contact,24,19,8,5242880,0.272865,0.381146,5.377604
Pencil,256,curve,512,simple,24,19,8,5242880,0.272865,0.452864,2.404479
Pencil,256,curve,512,contact,25,19,8,5242880,0.272865,0.541302,5.384323
Pencil,256,curve,512,simple,25,19,8,5242880,0.272865,0.466250,2.397812
Pencil,256,curve,512,merged,25,16,8,4456448,0.229324,0.420573,2.095781
Pencil,256,curve,512,simple,26,19,8,5242880,0.272865,0.511875,2.398906
Pencil,256,curve,512,merged,26,16,8,4456448,0.229324,0.499011,2.088906
Pencil,256,curve,512,contact,26,19,8,5242880,0.272865,0.524062,5.382656
Pencil,256,curve,512,merged,27,16,8,4456448,0.229324,0.604843,2.091719
Pencil,256,curve,512,contact,27,19,8,5242880,0.272865,0.536927,5.382135
Pencil,256,curve,512,simple,27,19,8,5242880,0.272865,0.430469,2.400260
Pencil,256,curve,512,contact,28,19,8,5242880,0.272865,0.509323,5.376927
Pencil,256,curve,512,simple,28,19,8,5242880,0.272865,0.502188,2.399167
Pencil,256,curve,512,merged,28,16,8,4456448,0.229324,0.391458,2.094531
Pencil,256,curve,512,simple,29,19,8,5242880,0.272865,0.381042,2.396562
Pencil,256,curve,512,merged,29,16,8,4456448,0.229324,0.396354,2.090521
Pencil,256,curve,512,contact,29,19,8,5242880,0.272865,0.452969,5.384583
Pencil,2048,straight,512,merged,0,1,99,6488064,0.101459,1.347447,9.968437
Pencil,2048,straight,512,contact,0,3,99,17104896,0.110781,0.201354,26.389895
Pencil,2048,straight,512,simple,0,3,99,17104896,0.110781,0.206771,10.813229
Pencil,2048,straight,512,contact,1,3,99,17104896,0.110781,0.203542,26.634322
Pencil,2048,straight,512,simple,1,3,99,17104896,0.110781,0.434167,13.898073
Pencil,2048,straight,512,merged,1,1,99,6488064,0.101459,0.748021,12.714114
Pencil,2048,straight,512,simple,2,3,99,17104896,0.110781,0.757917,12.039843
Pencil,2048,straight,512,merged,2,1,99,6488064,0.101459,0.514323,9.746041
Pencil,2048,straight,512,contact,2,3,99,17104896,0.110781,0.508282,26.625104
Pencil,2048,straight,512,merged,3,1,99,6488064,0.101459,1.073073,12.377291
Pencil,2048,straight,512,contact,3,3,99,17104896,0.110781,0.514010,27.381093
Pencil,2048,straight,512,simple,3,3,99,17104896,0.110781,0.939010,13.842916
Pencil,2048,straight,512,contact,4,3,99,17104896,0.110781,0.480729,26.576041
Pencil,2048,straight,512,simple,4,3,99,17104896,0.110781,0.721875,12.119479
Pencil,2048,straight,512,merged,4,1,99,6488064,0.101459,0.539166,9.761458
Pencil,2048,straight,512,simple,5,3,99,17104896,0.110781,0.523385,12.044843
Pencil,2048,straight,512,merged,5,1,99,6488064,0.101459,0.707084,9.786198
Pencil,2048,straight,512,contact,5,3,99,17104896,0.110781,0.629375,26.627239
Pencil,2048,straight,512,merged,6,1,99,6488064,0.101459,0.495000,9.720000
Pencil,2048,straight,512,contact,6,3,99,17104896,0.110781,0.517708,26.628958
Pencil,2048,straight,512,simple,6,3,99,17104896,0.110781,0.520417,12.044583
Pencil,2048,straight,512,contact,7,3,99,17104896,0.110781,0.522135,26.615416
Pencil,2048,straight,512,simple,7,3,99,17104896,0.110781,0.600104,12.057187
Pencil,2048,straight,512,merged,7,1,99,6488064,0.101459,0.545990,9.794010
Pencil,2048,straight,512,simple,8,3,99,17104896,0.110781,0.672500,11.445208
Pencil,2048,straight,512,merged,8,1,99,6488064,0.101459,0.554218,9.804375
Pencil,2048,straight,512,contact,8,3,99,17104896,0.110781,0.534167,26.627291
Pencil,2048,straight,512,merged,9,1,99,6488064,0.101459,0.774948,9.749271
Pencil,2048,straight,512,contact,9,3,99,17104896,0.110781,0.535521,26.625208
Pencil,2048,straight,512,simple,9,3,99,17104896,0.110781,0.508073,12.033906
Pencil,2048,straight,512,contact,10,3,99,17104896,0.110781,0.658907,26.626301
Pencil,2048,straight,512,simple,10,3,99,17104896,0.110781,0.762969,12.036458
Pencil,2048,straight,512,merged,10,1,99,6488064,0.101459,0.507812,9.793541
Pencil,2048,straight,512,simple,11,3,99,17104896,0.110781,0.536250,12.027396
Pencil,2048,straight,512,merged,11,1,99,6488064,0.101459,0.622708,9.750364
Pencil,2048,straight,512,contact,11,3,99,17104896,0.110781,0.654688,26.597656
Pencil,2048,straight,512,merged,12,1,99,6488064,0.101459,0.574166,9.775260
Pencil,2048,straight,512,contact,12,3,99,17104896,0.110781,0.543386,26.627031
Pencil,2048,straight,512,simple,12,3,99,17104896,0.110781,0.547865,12.022343
Pencil,2048,straight,512,contact,13,3,99,17104896,0.110781,0.537865,26.622864
Pencil,2048,straight,512,simple,13,3,99,17104896,0.110781,0.518438,12.033229
Pencil,2048,straight,512,merged,13,1,99,6488064,0.101459,0.533593,9.783385
Pencil,2048,straight,512,simple,14,3,99,17104896,0.110781,0.515364,12.033750
Pencil,2048,straight,512,merged,14,1,99,6488064,0.101459,0.513073,9.812291
Pencil,2048,straight,512,contact,14,3,99,17104896,0.110781,0.608333,26.621666
Pencil,2048,straight,512,merged,15,1,99,6488064,0.101459,0.483386,9.740000
Pencil,2048,straight,512,contact,15,3,99,17104896,0.110781,0.533490,26.620104
Pencil,2048,straight,512,simple,15,3,99,17104896,0.110781,0.511718,12.047396
Pencil,2048,straight,512,contact,16,3,99,17104896,0.110781,0.520989,26.623489
Pencil,2048,straight,512,simple,16,3,99,17104896,0.110781,0.596459,12.048958
Pencil,2048,straight,512,merged,16,1,99,6488064,0.101459,0.850261,9.797239
Pencil,2048,straight,512,simple,17,3,99,17104896,0.110781,0.618333,12.065468
Pencil,2048,straight,512,merged,17,1,99,6488064,0.101459,0.519323,9.764427
Pencil,2048,straight,512,contact,17,3,99,17104896,0.110781,0.518750,26.623749
Pencil,2048,straight,512,merged,18,1,99,6488064,0.101459,0.738386,9.773594
Pencil,2048,straight,512,contact,18,3,99,17104896,0.110781,0.525468,26.621614
Pencil,2048,straight,512,simple,18,3,99,17104896,0.110781,0.534739,12.041823
Pencil,2048,straight,512,contact,19,3,99,17104896,0.110781,0.490729,26.620312
Pencil,2048,straight,512,simple,19,3,99,17104896,0.110781,0.790782,12.032448
Pencil,2048,straight,512,merged,19,1,99,6488064,0.101459,0.517500,9.723333
Pencil,2048,straight,512,simple,20,3,99,17104896,0.110781,0.491197,12.028281
Pencil,2048,straight,512,merged,20,1,99,6488064,0.101459,0.667552,9.759635
Pencil,2048,straight,512,contact,20,3,99,17104896,0.110781,2.046094,26.640937
Pencil,2048,straight,512,merged,21,1,99,6488064,0.101459,0.532969,8.323021
Pencil,2048,straight,512,contact,21,3,99,17104896,0.110781,0.541197,26.840104
Pencil,2048,straight,512,simple,21,3,99,17104896,0.110781,0.542917,13.527239
Pencil,2048,straight,512,contact,22,3,99,17104896,0.110781,0.528698,26.571718
Pencil,2048,straight,512,simple,22,3,99,17104896,0.110781,0.732813,11.244010
Pencil,2048,straight,512,merged,22,1,99,6488064,0.101459,0.498802,8.649166
Pencil,2048,straight,512,simple,23,3,99,17104896,0.110781,0.488802,12.038385
Pencil,2048,straight,512,merged,23,1,99,6488064,0.101459,0.534583,9.784271
Pencil,2048,straight,512,contact,23,3,99,17104896,0.110781,0.534011,26.630312
Pencil,2048,straight,512,merged,24,1,99,6488064,0.101459,0.482553,9.750781
Pencil,2048,straight,512,contact,24,3,99,17104896,0.110781,0.531354,26.628801
Pencil,2048,straight,512,simple,24,3,99,17104896,0.110781,0.766875,12.035104
Pencil,2048,straight,512,contact,25,3,99,17104896,0.110781,0.514323,26.616822
Pencil,2048,straight,512,simple,25,3,99,17104896,0.110781,0.732448,12.057031
Pencil,2048,straight,512,merged,25,1,99,6488064,0.101459,0.522708,9.815573
Pencil,2048,straight,512,simple,26,3,99,17104896,0.110781,0.556458,12.032864
Pencil,2048,straight,512,merged,26,1,99,6488064,0.101459,0.508542,9.772916
Pencil,2048,straight,512,contact,26,3,99,17104896,0.110781,0.523281,26.629062
Pencil,2048,straight,512,merged,27,1,99,6488064,0.101459,0.729323,9.774635
Pencil,2048,straight,512,contact,27,3,99,17104896,0.110781,0.617605,26.623385
Pencil,2048,straight,512,simple,27,3,99,17104896,0.110781,0.505573,12.029739
Pencil,2048,straight,512,contact,28,3,99,17104896,0.110781,0.479844,26.617968
Pencil,2048,straight,512,simple,28,3,99,17104896,0.110781,0.543750,12.038021
Pencil,2048,straight,512,merged,28,1,99,6488064,0.101459,0.509427,9.780729
Pencil,2048,straight,512,simple,29,3,99,17104896,0.110781,0.566354,12.033437
Pencil,2048,straight,512,merged,29,1,99,6488064,0.101459,0.516406,9.795729
Pencil,2048,straight,512,contact,29,3,99,17104896,0.110781,0.505781,26.624687
Pencil,2048,curve,512,merged,0,3,99,17104896,0.054583,0.732344,11.168021
Pencil,2048,curve,512,contact,0,4,99,22413312,0.069427,0.183125,45.848541
Pencil,2048,curve,512,simple,0,4,99,22413312,0.069427,0.206198,17.660937
Pencil,2048,curve,512,contact,1,4,99,22413312,0.069427,0.207448,45.619582
Pencil,2048,curve,512,simple,1,4,99,22413312,0.069427,0.468750,18.958333
Pencil,2048,curve,512,merged,1,3,99,17104896,0.054583,0.624219,16.445416
Pencil,2048,curve,512,simple,2,4,99,22413312,0.069427,0.872032,18.926145
Pencil,2048,curve,512,merged,2,3,99,17104896,0.054583,0.514115,16.412395
Pencil,2048,curve,512,contact,2,4,99,22413312,0.069427,0.522240,45.297811
Pencil,2048,curve,512,merged,3,3,99,17104896,0.054583,1.586198,15.226145
Pencil,2048,curve,512,contact,3,4,99,22413312,0.069427,0.349427,45.875624
Pencil,2048,curve,512,simple,3,4,99,22413312,0.069427,0.327344,18.607916
Pencil,2048,curve,512,contact,4,4,99,22413312,0.069427,0.475521,45.375832
Pencil,2048,curve,512,simple,4,4,99,22413312,0.069427,0.813125,18.964583
Pencil,2048,curve,512,merged,4,3,99,17104896,0.054583,0.601042,16.324583
Pencil,2048,curve,512,simple,5,4,99,22413312,0.069427,0.565990,13.149427
Pencil,2048,curve,512,merged,5,3,99,17104896,0.054583,0.551041,11.105416
Pencil,2048,curve,512,contact,5,4,99,22413312,0.069427,0.527969,32.979218
Pencil,2048,curve,512,merged,6,3,99,17104896,0.054583,0.569479,11.107968
Pencil,2048,curve,512,contact,6,4,99,22413312,0.069427,0.345365,33.125937
Pencil,2048,curve,512,simple,6,4,99,22413312,0.069427,0.683333,9.899114
Pencil,2048,curve,512,contact,7,4,99,22413312,0.069427,0.347916,23.750624
Pencil,2048,curve,512,simple,7,4,99,22413312,0.069427,0.595313,9.866458
Pencil,2048,curve,512,merged,7,3,99,17104896,0.054583,0.342187,8.519010
Pencil,2048,curve,512,simple,8,4,99,22413312,0.069427,0.581771,9.866614
Pencil,2048,curve,512,merged,8,3,99,17104896,0.054583,0.526875,8.504427
Pencil,2048,curve,512,contact,8,4,99,22413312,0.069427,0.691511,23.754166
Pencil,2048,curve,512,merged,9,3,99,17104896,0.054583,0.548854,8.512396
Pencil,2048,curve,512,contact,9,4,99,22413312,0.069427,0.663750,23.759531
Pencil,2048,curve,512,simple,9,4,99,22413312,0.069427,0.620886,9.865781
Pencil,2048,curve,512,contact,10,4,99,22413312,0.069427,0.512916,23.751354
Pencil,2048,curve,512,simple,10,4,99,22413312,0.069427,0.592864,9.875312
Pencil,2048,curve,512,merged,10,3,99,17104896,0.054583,0.525937,8.510781
Pencil,2048,curve,512,simple,11,4,99,22413312,0.069427,0.637760,9.871354
Pencil,2048,curve,512,merged,11,3,99,17104896,0.054583,0.703281,8.508229
Pencil,2048,curve,512,contact,11,4,99,22413312,0.069427,0.518177,23.761406
Pencil,2048,curve,512,merged,12,3,99,17104896,0.054583,0.762032,8.508750
Pencil,2048,curve,512,contact,12,4,99,22413312,0.069427,0.530469,23.757395
Pencil,2048,curve,512,simple,12,4,99,22413312,0.069427,0.634791,9.868802
Pencil,2048,curve,512,contact,13,4,99,22413312,0.069427,0.540000,23.754999
Pencil,2048,curve,512,simple,13,4,99,22413312,0.069427,0.521042,10.894635
Pencil,2048,curve,512,merged,13,3,99,17104896,0.054583,0.518490,9.777760
Pencil,2048,curve,512,simple,14,4,99,22413312,0.069427,0.536563,10.904323
Pencil,2048,curve,512,merged,14,3,99,17104896,0.054583,0.514584,9.781979
Pencil,2048,curve,512,contact,14,4,99,22413312,0.069427,0.518386,23.750677
Pencil,2048,curve,512,merged,15,3,99,17104896,0.054583,0.779010,8.509427
Pencil,2048,curve,512,contact,15,4,99,22413312,0.069427,0.543802,23.762864
Pencil,2048,curve,512,simple,15,4,99,22413312,0.069427,0.954166,10.910104
Pencil,2048,curve,512,contact,16,4,99,22413312,0.069427,0.523021,24.033593
Pencil,2048,curve,512,simple,16,4,99,22413312,0.069427,0.518594,10.899843
Pencil,2048,curve,512,merged,16,3,99,17104896,0.054583,0.537292,8.857031
Pencil,2048,curve,512,simple,17,4,99,22413312,0.069427,0.637396,10.798541
Pencil,2048,curve,512,merged,17,3,99,17104896,0.054583,0.554375,9.793177
Pencil,2048,curve,512,contact,17,4,99,22413312,0.069427,0.532083,24.028801
Pencil,2048,curve,512,merged,18,3,99,17104896,0.054583,0.497761,9.787916
Pencil,2048,curve,512,contact,18,4,99,22413312,0.069427,0.524584,24.029426
Pencil,2048,curve,512,simple,18,4,99,22413312,0.069427,0.506718,10.888333
Pencil,2048,curve,512,contact,19,4,99,22413312,0.069427,0.448281,24.026510
Pencil,2048,curve,512,simple,19,4,99,22413312,0.069427,0.516823,10.900156
Pencil,2048,curve,512,merged,19,3,99,17104896,0.054583,0.483333,9.784531
Pencil,2048,curve,512,simple,20,4,99,22413312,0.069427,0.500989,10.889323
Pencil,2048,curve,512,merged,20,3,99,17104896,0.054583,0.515000,9.795677
Pencil,2048,curve,512,contact,20,4,99,22413312,0.069427,0.509532,23.985260
Pencil,2048,curve,512,merged,21,3,99,17104896,0.054583,0.614062,9.718437
Pencil,2048,curve,512,contact,21,4,99,22413312,0.069427,0.564792,24.027395
Pencil,2048,curve,512,simple,21,4,99,22413312,0.069427,0.647135,10.901406
Pencil,2048,curve,512,contact,22,4,99,22413312,0.069427,0.533021,24.031770
Pencil,2048,curve,512,simple,22,4,99,22413312,0.069427,0.519062,11.134896
Pencil,2048,curve,512,merged,22,3,99,17104896,0.054583,0.454115,9.821041
Pencil,2048,curve,512,simple,23,4,99,22413312,0.069427,0.667396,10.901146
Pencil,2048,curve,512,merged,23,3,99,17104896,0.054583,0.576198,9.798021
Pencil,2048,curve,512,contact,23,4,99,22413312,0.069427,0.542239,24.038593
Pencil,2048,curve,512,merged,24,3,99,17104896,0.054583,0.760312,9.794375
Pencil,2048,curve,512,contact,24,4,99,22413312,0.069427,0.511719,24.032395
Pencil,2048,curve,512,simple,24,4,99,22413312,0.069427,0.520833,10.897343
Pencil,2048,curve,512,contact,25,4,99,22413312,0.069427,0.502760,24.034583
Pencil,2048,curve,512,simple,25,4,99,22413312,0.069427,0.555782,10.904635
Pencil,2048,curve,512,merged,25,3,99,17104896,0.054583,0.509479,9.796823
Pencil,2048,curve,512,simple,26,4,99,22413312,0.069427,0.533645,10.904739
Pencil,2048,curve,512,merged,26,3,99,17104896,0.054583,0.508073,9.778750
Pencil,2048,curve,512,contact,26,4,99,22413312,0.069427,0.512344,23.752552
Pencil,2048,curve,512,merged,27,3,99,17104896,0.054583,0.599010,8.513385
Pencil,2048,curve,512,contact,27,4,99,22413312,0.069427,0.506927,23.760052
Pencil,2048,curve,512,simple,27,4,99,22413312,0.069427,0.903021,10.905312
Pencil,2048,curve,512,contact,28,4,99,22413312,0.069427,0.496563,24.032083
Pencil,2048,curve,512,simple,28,4,99,22413312,0.069427,0.521146,10.896198
Pencil,2048,curve,512,merged,28,3,99,17104896,0.054583,0.520104,9.799479
Pencil,2048,curve,512,simple,29,4,99,22413312,0.069427,0.512604,10.898541
Pencil,2048,curve,512,merged,29,3,99,17104896,0.054583,0.511563,9.782864
Pencil,2048,curve,512,contact,29,4,99,22413312,0.069427,0.619010,24.036093
Pencil,2048,backlog,4096,merged,0,1,225,14745600,0.055260,0.686042,9.770364
Pencil,2048,backlog,4096,contact,0,17,225,99680256,0.125677,0.206458,112.566247
Pencil,2048,backlog,4096,simple,0,17,225,99680256,0.125677,0.202292,73.518384
Pencil,2048,backlog,4096,contact,1,17,225,99680256,0.125677,0.200937,111.543643
Pencil,2048,backlog,4096,simple,1,17,225,99680256,0.125677,0.483906,18.335260
Pencil,2048,backlog,4096,merged,1,1,225,14745600,0.055260,0.532552,9.770781
Pencil,2048,backlog,4096,simple,2,17,225,99680256,0.125677,0.489688,18.362031
Pencil,2048,backlog,4096,merged,2,1,225,14745600,0.055260,0.518489,9.859948
Pencil,2048,backlog,4096,contact,2,17,225,99680256,0.125677,0.323906,46.043436
Pencil,2048,backlog,4096,merged,3,1,225,14745600,0.055260,0.396093,9.765573
Pencil,2048,backlog,4096,contact,3,17,225,99680256,0.125677,0.380886,46.005520
Pencil,2048,backlog,4096,simple,3,17,225,99680256,0.125677,0.364844,18.346197
Pencil,2048,backlog,4096,contact,4,17,225,99680256,0.125677,0.567396,46.010103
Pencil,2048,backlog,4096,simple,4,17,225,99680256,0.125677,0.402969,18.345104
Pencil,2048,backlog,4096,merged,4,1,225,14745600,0.055260,0.728646,9.761458
Pencil,2048,backlog,4096,simple,5,17,225,99680256,0.125677,0.315417,18.350625
Pencil,2048,backlog,4096,merged,5,1,225,14745600,0.055260,0.553489,9.771719
Pencil,2048,backlog,4096,contact,5,17,225,99680256,0.125677,0.316563,46.000259
Pencil,2048,backlog,4096,merged,6,1,225,14745600,0.055260,0.601563,9.784896
Pencil,2048,backlog,4096,contact,6,17,225,99680256,0.125677,0.322604,46.006041
Pencil,2048,backlog,4096,simple,6,17,225,99680256,0.125677,0.584323,18.353333
Pencil,2048,backlog,4096,contact,7,17,225,99680256,0.125677,0.323021,46.014113
Pencil,2048,backlog,4096,simple,7,17,225,99680256,0.125677,0.583177,18.343750
Pencil,2048,backlog,4096,merged,7,1,225,14745600,0.055260,0.320000,9.773281
Pencil,2048,backlog,4096,simple,8,17,225,99680256,0.125677,0.505573,18.357395
Pencil,2048,backlog,4096,merged,8,1,225,14745600,0.055260,0.433489,9.786250
Pencil,2048,backlog,4096,contact,8,17,225,99680256,0.125677,0.677605,46.007968
Pencil,2048,backlog,4096,merged,9,1,225,14745600,0.055260,0.582083,9.764844
Pencil,2048,backlog,4096,contact,9,17,225,99680256,0.125677,0.642813,46.003645
Pencil,2048,backlog,4096,simple,9,17,225,99680256,0.125677,0.613594,18.339739
Pencil,2048,backlog,4096,contact,10,17,225,99680256,0.125677,0.499427,46.000832
Pencil,2048,backlog,4096,simple,10,17,225,99680256,0.125677,0.604323,18.353125
Pencil,2048,backlog,4096,merged,10,1,225,14745600,0.055260,0.587083,9.781458
Pencil,2048,backlog,4096,simple,11,17,225,99680256,0.125677,0.502292,18.345000
Pencil,2048,backlog,4096,merged,11,1,225,14745600,0.055260,0.468229,9.767344
Pencil,2048,backlog,4096,contact,11,17,225,99680256,0.125677,0.514635,46.000520
Pencil,2048,backlog,4096,merged,12,1,225,14745600,0.055260,0.706875,9.799739
Pencil,2048,backlog,4096,contact,12,17,225,99680256,0.125677,0.495833,46.007447
Pencil,2048,backlog,4096,simple,12,17,225,99680256,0.125677,0.439218,18.345312
Pencil,2048,backlog,4096,contact,13,17,225,99680256,0.125677,0.598177,45.997343
Pencil,2048,backlog,4096,simple,13,17,225,99680256,0.125677,0.788750,18.338750
Pencil,2048,backlog,4096,merged,13,1,225,14745600,0.055260,0.492448,9.778125
Pencil,2048,backlog,4096,simple,14,17,225,99680256,0.125677,0.697553,18.338854
Pencil,2048,backlog,4096,merged,14,1,225,14745600,0.055260,0.513542,9.770677
Pencil,2048,backlog,4096,contact,14,17,225,99680256,0.125677,0.499636,46.009061
Pencil,2048,backlog,4096,merged,15,1,225,14745600,0.055260,0.667813,9.774427
Pencil,2048,backlog,4096,contact,15,17,225,99680256,0.125677,0.493594,46.003020
Pencil,2048,backlog,4096,simple,15,17,225,99680256,0.125677,0.609427,18.346875
Pencil,2048,backlog,4096,contact,16,17,225,99680256,0.125677,0.512135,46.006666
Pencil,2048,backlog,4096,simple,16,17,225,99680256,0.125677,0.476615,18.339479
Pencil,2048,backlog,4096,merged,16,1,225,14745600,0.055260,0.601718,9.768802
Pencil,2048,backlog,4096,simple,17,17,225,99680256,0.125677,0.514011,18.329375
Pencil,2048,backlog,4096,merged,17,1,225,14745600,0.055260,0.466875,9.775781
Pencil,2048,backlog,4096,contact,17,17,225,99680256,0.125677,0.589584,46.005103
Pencil,2048,backlog,4096,merged,18,1,225,14745600,0.055260,0.502031,9.822812
Pencil,2048,backlog,4096,contact,18,17,225,99680256,0.125677,0.601093,46.014374
Pencil,2048,backlog,4096,simple,18,17,225,99680256,0.125677,0.594218,18.341718
Pencil,2048,backlog,4096,contact,19,17,225,99680256,0.125677,0.492188,46.011509
Pencil,2048,backlog,4096,simple,19,17,225,99680256,0.125677,0.748646,18.344843
Pencil,2048,backlog,4096,merged,19,1,225,14745600,0.055260,1.004063,9.808073
Pencil,2048,backlog,4096,simple,20,17,225,99680256,0.125677,0.488594,18.357031
Pencil,2048,backlog,4096,merged,20,1,225,14745600,0.055260,0.730625,9.775260
Pencil,2048,backlog,4096,contact,20,17,225,99680256,0.125677,0.822760,46.014061
Pencil,2048,backlog,4096,merged,21,1,225,14745600,0.055260,0.608177,9.763073
Pencil,2048,backlog,4096,contact,21,17,225,99680256,0.125677,0.494583,46.001405
Pencil,2048,backlog,4096,simple,21,17,225,99680256,0.125677,0.574427,18.342031
Pencil,2048,backlog,4096,contact,22,17,225,99680256,0.125677,0.493906,46.005624
Pencil,2048,backlog,4096,simple,22,17,225,99680256,0.125677,0.592864,18.350364
Pencil,2048,backlog,4096,merged,22,1,225,14745600,0.055260,0.679063,9.762448
Pencil,2048,backlog,4096,simple,23,17,225,99680256,0.125677,0.604063,18.343437
Pencil,2048,backlog,4096,merged,23,1,225,14745600,0.055260,0.589688,9.771458
Pencil,2048,backlog,4096,contact,23,17,225,99680256,0.125677,0.521667,45.998853
Pencil,2048,backlog,4096,merged,24,1,225,14745600,0.055260,0.607031,9.793229
Pencil,2048,backlog,4096,contact,24,17,225,99680256,0.125677,0.500833,46.003541
Pencil,2048,backlog,4096,simple,24,17,225,99680256,0.125677,0.492708,18.348541
Pencil,2048,backlog,4096,contact,25,17,225,99680256,0.125677,0.493438,46.005051
Pencil,2048,backlog,4096,simple,25,17,225,99680256,0.125677,0.565781,18.335052
Pencil,2048,backlog,4096,merged,25,1,225,14745600,0.055260,0.501511,9.772552
Pencil,2048,backlog,4096,simple,26,17,225,99680256,0.125677,0.484531,18.339583
Pencil,2048,backlog,4096,merged,26,1,225,14745600,0.055260,0.479062,9.797031
Pencil,2048,backlog,4096,contact,26,17,225,99680256,0.125677,0.485937,45.994322
Pencil,2048,backlog,4096,merged,27,1,225,14745600,0.055260,0.506510,9.768906
Pencil,2048,backlog,4096,contact,27,17,225,99680256,0.125677,0.489583,45.992811
Pencil,2048,backlog,4096,simple,27,17,225,99680256,0.125677,0.561979,18.344687
Pencil,2048,backlog,4096,contact,28,17,225,99680256,0.125677,0.598333,46.000259
Pencil,2048,backlog,4096,simple,28,17,225,99680256,0.125677,0.571042,18.344739
Pencil,2048,backlog,4096,merged,28,1,225,14745600,0.055260,0.494583,9.769427
Pencil,2048,backlog,4096,simple,29,17,225,99680256,0.125677,0.495156,18.351354
Pencil,2048,backlog,4096,merged,29,1,225,14745600,0.055260,0.472656,9.769114
Pencil,2048,backlog,4096,contact,29,17,225,99680256,0.125677,0.490520,45.995884
